30,0
39,1
70,2
48,3
98,4
21,5
72,6
27,7
13,8
3,9
38,10
13,11
90,12
93,13
58,14
42,15
52,16
34,17
50,18
57,19
83,20
17,21
88,22
40,23
89,24
27,25
68,26
16,27
76,28
12,29
41,30
20,31
97,32
53,33
17,34
41,35
9,36
26,37
12,38
88,39
85,40
50,41
69,42
19,43
1,44
20,45
41,46
63,47
26,48
15,49
67,50
34,51
65,52
80,53
26,54
33,55
79,56
22,57
24,58
13,59
85,60
50,61
76,62
82,63
22,64
26,65
34,66
60,67
33,68
95,69
38,70
4,71
99,72
33,73
63,74
6,75
29,76
48,77
75,78
35,79
87,80
92,81
86,82
58,83
57,84
30,85
11,86
2,87
34,88
71,89
52,90
47,91
92,92
39,93
54,94
25,95
38,96
21,97
70,98
69,99
42,100
25,101
29,102
90,103
33,104
52,105
54,106
52,107
33,108
46,109
33,110
19,111
75,112
0,113
79,114
39,115
29,116
9,117
98,118
26,119
35,120
5,121
97,122
30,123
1,124
4,125
37,126
40,127
48,128
16,129
66,130
7,131
30,132
16,133
44,134
38,135
46,136
36,137
70,138
36,139
10,140
37,141
56,142
29,143
44,144
70,145
48,146
28,147
14,148
46,149
69,150
30,151
5,152
41,153
86,154
66,155
74,156
54,157
3,158
60,159
48,160
0,161
62,162
62,163
54,164
5,165
77,166
73,167
35,168
65,169
94,170
79,171
51,172
23,173
94,174
92,175
78,176
98,177
3,178
8,179
31,180
9,181
3,182
84,183
84,184
41,185
51,186
13,187
93,188
21,189
73,190
20,191
42,192
46,193
53,194
76,195
98,196
13,197
63,198
66,199
57,200
38,201
60,202
39,203
19,204
9,205
14,206
24,207
96,208
25,209
30,210
60,211
51,212
53,213
60,214
2,215
22,216
90,217
23,218
93,219
67,220
82,221
43,222
25,223
15,224
66,225
58,226
98,227
73,228
4,229
59,230
89,231
12,232
82,233
76,234
9,235
99,236
56,237
44,238
57,239
17,240
70,241
89,242
69,243
26,244
91,245
23,246
9,247
71,248
66,249
21,250
75,251
63,252
93,253
89,254
64,255
20,256
98,257
28,258
42,259
14,260
95,261
44,262
58,263
90,264
18,265
71,266
16,267
14,268
92,269
40,270
33,271
19,272
14,273
50,274
59,275
0,276
37,277
21,278
16,279
82,280
70,281
39,282
55,283
61,284
39,285
58,286
26,287
54,288
70,289
10,290
57,291
45,292
4,293
21,294
82,295
63,296
64,297
80,298
32,299
22,300
71,301
42,302
17,303
20,304
25,305
18,306
11,307
9,308
85,309
45,310
30,311
85,312
36,313
10,314
94,315
48,316
31,317
7,318
79,319
80,320
98,321
94,322
46,323
33,324
35,325
73,326
18,327
37,328
12,329
22,330
80,331
16,332
42,333
47,334
60,335
15,336
66,337
98,338
70,339
56,340
51,341
6,342
92,343
85,344
2,345
17,346
80,347
63,348
94,349
48,350
65,351
82,352
59,353
23,354
18,355
61,356
79,357
68,358
26,359
37,360
52,361
62,362
0,363
22,364
65,365
76,366
94,367
80,368
95,369
23,370
58,371
11,372
60,373
24,374
68,375
73,376
48,377
4,378
43,379
9,380
54,381
83,382
91,383
13,384
57,385
19,386
87,387
60,388
8,389
77,390
26,391
56,392
34,393
87,394
70,395
16,396
20,397
20,398
79,399
27,400
39,401
1,402
94,403
8,404
45,405
8,406
68,407
62,408
53,409
62,410
64,411
39,412
26,413
92,414
21,415
48,416
75,417
28,418
64,419
1,420
83,421
86,422
76,423
83,424
82,425
89,426
72,427
9,428
89,429
17,430
64,431
99,432
39,433
18,434
99,435
56,436
22,437
21,438
58,439
52,440
2,441
30,442
88,443
8,444
78,445
68,446
6,447
41,448
46,449
91,450
53,451
54,452
39,453
87,454
18,455
71,456
94,457
81,458
40,459
47,460
61,461
94,462
15,463
5,464
94,465
3,466
14,467
50,468
92,469
77,470
77,471
22,472
66,473
13,474
14,475
12,476
47,477
46,478
75,479
79,480
7,481
47,482
46,483
88,484
16,485
19,486
87,487
55,488
64,489
63,490
12,491
74,492
24,493
85,494
44,495
37,496
90,497
69,498
43,499
49,500
93,501
85,502
32,503
86,504
12,505
71,506
80,507
31,508
72,509
59,510
14,511
84,512
34,513
51,514
99,515
46,516
27,517
7,518
51,519
80,520
8,521
41,522
86,523
82,524
30,525
55,526
68,527
70,528
76,529
34,530
6,531
98,532
32,533
12,534
68,535
18,536
17,537
5,538
38,539
40,540
61,541
8,542
74,543
45,544
52,545
65,546
60,547
46,548
75,549
36,550
97,551
44,552
28,553
64,554
84,555
86,556
5,557
43,558
74,559
96,560
92,561
2,562
59,563
74,564
62,565
61,566
5,567
67,568
73,569
27,570
77,571
37,572
47,573
23,574
62,575
10,576
57,577
33,578
23,579
57,580
54,581
23,582
48,583
71,584
85,585
7,586
0,587
43,588
31,589
89,590
35,591
85,592
95,593
89,594
29,595
17,596
9,597
34,598
90,599
54,600
25,601
74,602
4,603
33,604
91,605
26,606
75,607
63,608
58,609
78,610
58,611
31,612
34,613
12,614
76,615
2,616
21,617
25,618
62,619
91,620
58,621
3,622
90,623
81,624
43,625
5,626
95,627
49,628
58,629
67,630
86,631
3,632
12,633
82,634
70,635
61,636
62,637
12,638
19,639
14,640
99,641
31,642
95,643
3,644
29,645
46,646
39,647
32,648
39,649
36,650
81,651
24,652
76,653
85,654
7,655
26,656
8,657
62,658
2,659
41,660
58,661
1,662
86,663
69,664
24,665
31,666
10,667
35,668
93,669
77,670
23,671
68,672
97,673
6,674
12,675
53,676
75,677
12,678
94,679
27,680
57,681
32,682
86,683
52,684
61,685
16,686
98,687
11,688
71,689
82,690
79,691
5,692
43,693
96,694
45,695
29,696
56,697
41,698
47,699
76,700
4,701
91,702
85,703
82,704
78,705
45,706
57,707
84,708
25,709
1,710
49,711
63,712
91,713
75,714
14,715
94,716
83,717
11,718
44,719
58,720
86,721
17,722
3,723
30,724
54,725
64,726
74,727
3,728
83,729
95,730
51,731
25,732
89,733
49,734
79,735
60,736
92,737
90,738
39,739
25,740
9,741
74,742
55,743
93,744
58,745
43,746
60,747
15,748
97,749
86,750
73,751
62,752
85,753
62,754
68,755
12,756
15,757
55,758
37,759
12,760
56,761
30,762
11,763
51,764
91,765
1,766
89,767
80,768
37,769
89,770
54,771
39,772
58,773
17,774
26,775
54,776
0,777
69,778
23,779
55,780
23,781
50,782
64,783
62,784
52,785
89,786
79,787
27,788
29,789
54,790
58,791
15,792
60,793
38,794
99,795
89,796
35,797
0,798
15,799
46,800
15,801
46,802
27,803
23,804
15,805
24,806
64,807
44,808
23,809
61,810
91,811
7,812
72,813
51,814
58,815
88,816
93,817
52,818
12,819
83,820
17,821
72,822
23,823
9,824
81,825
7,826
49,827
59,828
4,829
7,830
28,831
57,832
87,833
14,834
3,835
0,836
97,837
17,838
55,839
35,840
19,841
74,842
14,843
46,844
94,845
16,846
40,847
26,848
68,849
73,850
84,851
50,852
81,853
38,854
96,855
33,856
6,857
1,858
56,859
34,860
37,861
44,862
57,863
36,864
47,865
25,866
81,867
5,868
87,869
49,870
17,871
28,872
65,873
15,874
96,875
62,876
86,877
89,878
88,879
12,880
62,881
86,882
71,883
32,884
60,885
0,886
60,887
92,888
39,889
77,890
6,891
50,892
2,893
9,894
20,895
13,896
3,897
4,898
71,899
8,900
64,901
22,902
47,903
15,904
71,905
29,906
43,907
15,908
2,909
54,910
0,911
5,912
25,913
99,914
54,915
46,916
16,917
60,918
45,919
69,920
59,921
16,922
46,923
3,924
63,925
11,926
76,927
61,928
29,929
94,930
75,931
18,932
28,933
80,934
26,935
17,936
26,937
20,938
22,939
17,940
18,941
95,942
45,943
33,944
55,945
80,946
23,947
59,948
83,949
43,950
51,951
59,952
26,953
34,954
80,955
62,956
67,957
24,958
30,959
61,960
19,961
89,962
93,963
11,964
2,965
38,966
30,967
9,968
77,969
93,970
50,971
92,972
96,973
26,974
80,975
65,976
31,977
86,978
18,979
54,980
47,981
12,982
32,983
33,984
64,985
48,986
96,987
9,988
48,989
10,990
77,991
95,992
29,993
10,994
62,995
11,996
11,997
15,998
34,999
48,1000
17,1001
41,1002
65,1003
2,1004
28,1005
65,1006
19,1007
8,1008
55,1009
31,1010
4,1011
71,1012
70,1013
16,1014
3,1015
13,1016
97,1017
79,1018
38,1019
32,1020
41,1021
31,1022
77,1023
37,1024
86,1025
21,1026
39,1027
78,1028
77,1029
55,1030
90,1031
35,1032
41,1033
13,1034
98,1035
53,1036
78,1037
97,1038
18,1039
9,1040
55,1041
30,1042
17,1043
10,1044
72,1045
1,1046
69,1047
50,1048
69,1049
58,1050
61,1051
80,1052
67,1053
41,1054
0,1055
93,1056
85,1057
6,1058
84,1059
65,1060
23,1061
24,1062
32,1063
82,1064
50,1065
24,1066
71,1067
39,1068
84,1069
72,1070
84,1071
69,1072
17,1073
11,1074
59,1075
33,1076
73,1077
47,1078
3,1079
21,1080
82,1081
65,1082
48,1083
45,1084
92,1085
76,1086
26,1087
23,1088
22,1089
39,1090
80,1091
57,1092
68,1093
71,1094
30,1095
42,1096
35,1097
63,1098
61,1099
90,1100
3,1101
78,1102
79,1103
96,1104
52,1105
19,1106
8,1107
7,1108
5,1109
21,1110
12,1111
19,1112
14,1113
77,1114
4,1115
92,1116
70,1117
65,1118
53,1119
28,1120
74,1121
40,1122
68,1123
28,1124
94,1125
55,1126
23,1127
2,1128
87,1129
17,1130
51,1131
79,1132
70,1133
50,1134
91,1135
72,1136
50,1137
32,1138
29,1139
9,1140
70,1141
96,1142
35,1143
88,1144
64,1145
44,1146
62,1147
64,1148
78,1149
17,1150
61,1151
88,1152
28,1153
35,1154
62,1155
51,1156
0,1157
7,1158
35,1159
85,1160
80,1161
39,1162
21,1163
12,1164
19,1165
82,1166
79,1167
60,1168
8,1169
25,1170
84,1171
14,1172
9,1173
43,1174
16,1175
35,1176
95,1177
63,1178
70,1179
63,1180
50,1181
27,1182
58,1183
8,1184
99,1185
54,1186
50,1187
58,1188
25,1189
15,1190
37,1191
61,1192
30,1193
50,1194
81,1195
38,1196
8,1197
36,1198
88,1199
29,1200
33,1201
7,1202
27,1203
45,1204
42,1205
67,1206
68,1207
44,1208
17,1209
39,1210
81,1211
30,1212
79,1213
17,1214
57,1215
58,1216
7,1217
74,1218
0,1219
90,1220
25,1221
21,1222
21,1223
21,1224
62,1225
3,1226
55,1227
30,1228
24,1229
64,1230
16,1231
27,1232
37,1233
73,1234
96,1235
28,1236
33,1237
27,1238
81,1239
15,1240
58,1241
42,1242
96,1243
37,1244
79,1245
70,1246
16,1247
1,1248
66,1249
89,1250
58,1251
87,1252
64,1253
34,1254
86,1255
51,1256
7,1257
97,1258
29,1259
32,1260
73,1261
61,1262
64,1263
54,1264
50,1265
49,1266
14,1267
54,1268
8,1269
36,1270
22,1271
6,1272
75,1273
41,1274
30,1275
44,1276
35,1277
9,1278
73,1279
22,1280
31,1281
80,1282
65,1283
27,1284
99,1285
37,1286
83,1287
81,1288
18,1289
90,1290
19,1291
54,1292
36,1293
83,1294
57,1295
97,1296
35,1297
56,1298
52,1299
61,1300
28,1301
39,1302
18,1303
25,1304
24,1305
91,1306
33,1307
98,1308
14,1309
14,1310
28,1311
26,1312
53,1313
22,1314
35,1315
53,1316
85,1317
11,1318
35,1319
35,1320
63,1321
76,1322
67,1323
59,1324
3,1325
21,1326
62,1327
44,1328
91,1329
29,1330
9,1331
0,1332
63,1333
8,1334
5,1335
38,1336
32,1337
12,1338
13,1339
3,1340
44,1341
59,1342
5,1343
90,1344
59,1345
45,1346
44,1347
15,1348
30,1349
11,1350
46,1351
74,1352
6,1353
36,1354
45,1355
10,1356
17,1357
84,1358
28,1359
65,1360
39,1361
27,1362
40,1363
58,1364
48,1365
22,1366
6,1367
55,1368
79,1369
19,1370
17,1371
15,1372
1,1373
39,1374
17,1375
77,1376
64,1377
77,1378
12,1379
81,1380
8,1381
19,1382
40,1383
32,1384
10,1385
69,1386
27,1387
23,1388
20,1389
75,1390
69,1391
40,1392
30,1393
19,1394
11,1395
61,1396
34,1397
91,1398
23,1399
74,1400
71,1401
79,1402
0,1403
7,1404
75,1405
55,1406
26,1407
99,1408
9,1409
4,1410
63,1411
76,1412
29,1413
9,1414
8,1415
81,1416
3,1417
21,1418
26,1419
79,1420
25,1421
82,1422
83,1423
11,1424
67,1425
10,1426
4,1427
52,1428
48,1429
36,1430
42,1431
48,1432
16,1433
2,1434
97,1435
18,1436
74,1437
30,1438
58,1439
68,1440
70,1441
9,1442
67,1443
45,1444
20,1445
87,1446
69,1447
13,1448
44,1449
50,1450
17,1451
69,1452
14,1453
54,1454
79,1455
97,1456
27,1457
81,1458
36,1459
72,1460
91,1461
74,1462
22,1463
4,1464
59,1465
28,1466
46,1467
48,1468
38,1469
84,1470
69,1471
71,1472
2,1473
78,1474
43,1475
80,1476
91,1477
29,1478
36,1479
27,1480
78,1481
50,1482
38,1483
79,1484
13,1485
40,1486
38,1487
86,1488
39,1489
10,1490
9,1491
22,1492
21,1493
29,1494
90,1495
61,1496
34,1497
86,1498
67,1499
84,1500
65,1501
31,1502
38,1503
19,1504
14,1505
52,1506
56,1507
37,1508
33,1509
15,1510
46,1511
36,1512
70,1513
53,1514
26,1515
51,1516
86,1517
80,1518
19,1519
52,1520
18,1521
39,1522
48,1523
38,1524
68,1525
5,1526
88,1527
1,1528
61,1529
14,1530
44,1531
65,1532
58,1533
83,1534
48,1535
12,1536
36,1537
74,1538
88,1539
94,1540
78,1541
62,1542
13,1543
70,1544
4,1545
12,1546
85,1547
89,1548
54,1549
46,1550
53,1551
86,1552
2,1553
4,1554
21,1555
77,1556
79,1557
74,1558
21,1559
13,1560
2,1561
87,1562
21,1563
76,1564
84,1565
2,1566
21,1567
48,1568
15,1569
36,1570
30,1571
77,1572
68,1573
35,1574
18,1575
23,1576
59,1577
87,1578
37,1579
85,1580
10,1581
28,1582
13,1583
16,1584
57,1585
72,1586
73,1587
26,1588
94,1589
62,1590
45,1591
80,1592
71,1593
89,1594
39,1595
90,1596
66,1597
19,1598
5,1599
80,1600
83,1601
14,1602
96,1603
61,1604
58,1605
58,1606
52,1607
18,1608
70,1609
9,1610
13,1611
85,1612
86,1613
10,1614
42,1615
19,1616
69,1617
12,1618
92,1619
85,1620
32,1621
99,1622
59,1623
86,1624
98,1625
75,1626
47,1627
12,1628
48,1629
74,1630
95,1631
52,1632
35,1633
31,1634
61,1635
90,1636
42,1637
79,1638
54,1639
53,1640
90,1641
69,1642
79,1643
75,1644
1,1645
17,1646
40,1647
96,1648
8,1649
57,1650
88,1651
66,1652
8,1653
12,1654
67,1655
32,1656
52,1657
30,1658
30,1659
61,1660
78,1661
34,1662
70,1663
32,1664
83,1665
75,1666
28,1667
4,1668
48,1669
56,1670
94,1671
27,1672
64,1673
98,1674
72,1675
86,1676
1,1677
18,1678
90,1679
54,1680
34,1681
91,1682
20,1683
6,1684
34,1685
68,1686
44,1687
61,1688
90,1689
34,1690
61,1691
49,1692
73,1693
86,1694
20,1695
57,1696
48,1697
8,1698
27,1699
96,1700
2,1701
46,1702
90,1703
73,1704
39,1705
14,1706
45,1707
23,1708
84,1709
52,1710
1,1711
16,1712
59,1713
28,1714
76,1715
69,1716
31,1717
23,1718
68,1719
59,1720
80,1721
45,1722
58,1723
55,1724
10,1725
34,1726
36,1727
84,1728
76,1729
42,1730
63,1731
8,1732
82,1733
79,1734
11,1735
23,1736
3,1737
7,1738
33,1739
11,1740
58,1741
21,1742
91,1743
38,1744
88,1745
71,1746
81,1747
29,1748
81,1749
65,1750
98,1751
69,1752
24,1753
87,1754
51,1755
63,1756
65,1757
87,1758
92,1759
23,1760
59,1761
28,1762
18,1763
66,1764
12,1765
6,1766
7,1767
24,1768
26,1769
46,1770
39,1771
92,1772
4,1773
80,1774
78,1775
80,1776
89,1777
27,1778
35,1779
42,1780
89,1781
42,1782
77,1783
88,1784
69,1785
54,1786
50,1787
24,1788
10,1789
87,1790
78,1791
56,1792
26,1793
25,1794
38,1795
30,1796
82,1797
60,1798
67,1799
25,1800
95,1801
28,1802
23,1803
8,1804
25,1805
6,1806
78,1807
85,1808
85,1809
73,1810
42,1811
44,1812
62,1813
1,1814
1,1815
74,1816
42,1817
41,1818
42,1819
80,1820
88,1821
80,1822
46,1823
7,1824
12,1825
89,1826
78,1827
88,1828
61,1829
38,1830
53,1831
53,1832
81,1833
73,1834
2,1835
71,1836
29,1837
89,1838
45,1839
61,1840
93,1841
34,1842
86,1843
96,1844
63,1845
93,1846
40,1847
65,1848
75,1849
60,1850
28,1851
36,1852
35,1853
53,1854
87,1855
41,1856
43,1857
46,1858
65,1859
22,1860
53,1861
35,1862
38,1863
90,1864
3,1865
50,1866
38,1867
52,1868
80,1869
70,1870
25,1871
78,1872
18,1873
54,1874
55,1875
55,1876
47,1877
51,1878
32,1879
38,1880
63,1881
32,1882
92,1883
97,1884
5,1885
64,1886
93,1887
37,1888
71,1889
73,1890
93,1891
52,1892
22,1893
49,1894
58,1895
15,1896
34,1897
18,1898
55,1899
83,1900
98,1901
41,1902
90,1903
22,1904
47,1905
63,1906
22,1907
7,1908
3,1909
41,1910
77,1911
7,1912
32,1913
54,1914
17,1915
51,1916
63,1917
69,1918
83,1919
23,1920
87,1921
91,1922
87,1923
11,1924
90,1925
14,1926
32,1927
0,1928
46,1929
56,1930
19,1931
20,1932
59,1933
32,1934
17,1935
89,1936
57,1937
65,1938
60,1939
30,1940
77,1941
91,1942
95,1943
57,1944
91,1945
1,1946
56,1947
23,1948
92,1949
26,1950
86,1951
37,1952
83,1953
88,1954
40,1955
40,1956
26,1957
72,1958
12,1959
84,1960
0,1961
90,1962
66,1963
5,1964
17,1965
39,1966
5,1967
73,1968
49,1969
81,1970
95,1971
39,1972
94,1973
35,1974
16,1975
91,1976
76,1977
95,1978
90,1979
79,1980
82,1981
2,1982
41,1983
60,1984
57,1985
95,1986
80,1987
60,1988
96,1989
84,1990
10,1991
50,1992
28,1993
66,1994
72,1995
22,1996
33,1997
36,1998
40,1999
37,2000
59,2001
10,2002
57,2003
92,2004
57,2005
9,2006
73,2007
3,2008
47,2009
51,2010
35,2011
62,2012
91,2013
41,2014
5,2015
99,2016
30,2017
2,2018
67,2019
43,2020
69,2021
69,2022
42,2023
7,2024
63,2025
67,2026
68,2027
54,2028
16,2029
45,2030
85,2031
95,2032
69,2033
16,2034
39,2035
78,2036
86,2037
13,2038
31,2039
1,2040
92,2041
11,2042
74,2043
74,2044
23,2045
78,2046
11,2047
88,2048
23,2049
21,2050
31,2051
77,2052
60,2053
68,2054
69,2055
40,2056
54,2057
49,2058
37,2059
73,2060
97,2061
97,2062
59,2063
81,2064
48,2065
2,2066
46,2067
63,2068
82,2069
10,2070
60,2071
71,2072
12,2073
33,2074
55,2075
31,2076
50,2077
58,2078
81,2079
53,2080
61,2081
36,2082
51,2083
90,2084
86,2085
68,2086
95,2087
70,2088
45,2089
87,2090
62,2091
53,2092
22,2093
23,2094
75,2095
35,2096
67,2097
52,2098
58,2099
55,2100
33,2101
16,2102
94,2103
38,2104
23,2105
43,2106
48,2107
83,2108
72,2109
10,2110
36,2111
12,2112
1,2113
72,2114
6,2115
89,2116
33,2117
44,2118
15,2119
34,2120
4,2121
43,2122
20,2123
60,2124
73,2125
58,2126
78,2127
82,2128
30,2129
87,2130
28,2131
43,2132
29,2133
97,2134
91,2135
73,2136
40,2137
44,2138
75,2139
28,2140
55,2141
97,2142
91,2143
38,2144
83,2145
61,2146
51,2147
87,2148
63,2149
98,2150
63,2151
61,2152
47,2153
60,2154
77,2155
26,2156
99,2157
88,2158
36,2159
90,2160
18,2161
57,2162
60,2163
25,2164
18,2165
93,2166
56,2167
35,2168
88,2169
55,2170
22,2171
73,2172
48,2173
47,2174
74,2175
72,2176
31,2177
75,2178
45,2179
65,2180
70,2181
88,2182
90,2183
48,2184
98,2185
70,2186
60,2187
69,2188
36,2189
90,2190
53,2191
98,2192
42,2193
53,2194
4,2195
40,2196
54,2197
62,2198
44,2199
57,2200
43,2201
13,2202
68,2203
32,2204
60,2205
78,2206
20,2207
56,2208
20,2209
35,2210
37,2211
58,2212
99,2213
0,2214
72,2215
29,2216
63,2217
60,2218
62,2219
7,2220
98,2221
22,2222
55,2223
53,2224
83,2225
14,2226
9,2227
68,2228
4,2229
78,2230
60,2231
23,2232
28,2233
13,2234
82,2235
59,2236
96,2237
45,2238
59,2239
68,2240
84,2241
41,2242
0,2243
70,2244
36,2245
32,2246
87,2247
33,2248
87,2249
87,2250
70,2251
31,2252
84,2253
17,2254
43,2255
6,2256
21,2257
46,2258
77,2259
81,2260
82,2261
26,2262
40,2263
11,2264
17,2265
50,2266
32,2267
45,2268
82,2269
99,2270
53,2271
95,2272
55,2273
35,2274
56,2275
43,2276
3,2277
64,2278
69,2279
76,2280
24,2281
55,2282
38,2283
7,2284
21,2285
14,2286
51,2287
17,2288
30,2289
42,2290
81,2291
6,2292
85,2293
18,2294
8,2295
45,2296
28,2297
28,2298
25,2299
26,2300
47,2301
93,2302
72,2303
67,2304
87,2305
41,2306
0,2307
99,2308
23,2309
1,2310
50,2311
14,2312
15,2313
55,2314
63,2315
25,2316
30,2317
88,2318
49,2319
52,2320
83,2321
86,2322
87,2323
7,2324
48,2325
31,2326
7,2327
60,2328
99,2329
32,2330
39,2331
43,2332
25,2333
51,2334
11,2335
79,2336
0,2337
64,2338
20,2339
52,2340
4,2341
12,2342
40,2343
5,2344
92,2345
66,2346
96,2347
51,2348
93,2349
1,2350
19,2351
8,2352
92,2353
21,2354
59,2355
20,2356
77,2357
33,2358
24,2359
33,2360
32,2361
8,2362
88,2363
18,2364
4,2365
97,2366
87,2367
96,2368
4,2369
60,2370
87,2371
66,2372
20,2373
83,2374
22,2375
73,2376
22,2377
83,2378
57,2379
1,2380
51,2381
12,2382
7,2383
45,2384
88,2385
82,2386
25,2387
77,2388
30,2389
28,2390
15,2391
6,2392
19,2393
95,2394
73,2395
71,2396
27,2397
33,2398
87,2399
17,2400
74,2401
25,2402
65,2403
16,2404
16,2405
27,2406
55,2407
98,2408
37,2409
23,2410
51,2411
80,2412
45,2413
70,2414
53,2415
17,2416
74,2417
53,2418
28,2419
35,2420
5,2421
76,2422
80,2423
33,2424
28,2425
2,2426
77,2427
11,2428
33,2429
0,2430
12,2431
56,2432
80,2433
64,2434
56,2435
6,2436
36,2437
98,2438
92,2439
80,2440
88,2441
55,2442
3,2443
7,2444
48,2445
18,2446
23,2447
68,2448
58,2449
49,2450
18,2451
35,2452
4,2453
67,2454
6,2455
0,2456
43,2457
60,2458
1,2459
54,2460
90,2461
87,2462
34,2463
33,2464
16,2465
15,2466
8,2467
86,2468
46,2469
24,2470
80,2471
64,2472
54,2473
85,2474
22,2475
57,2476
34,2477
99,2478
80,2479
93,2480
72,2481
1,2482
27,2483
85,2484
74,2485
0,2486
0,2487
36,2488
26,2489
39,2490
72,2491
39,2492
94,2493
17,2494
37,2495
72,2496
40,2497
24,2498
53,2499
97,2500
81,2501
2,2502
95,2503
25,2504
15,2505
19,2506
20,2507
86,2508
14,2509
23,2510
89,2511
91,2512
74,2513
60,2514
94,2515
82,2516
28,2517
88,2518
64,2519
10,2520
40,2521
73,2522
5,2523
10,2524
77,2525
65,2526
90,2527
48,2528
39,2529
31,2530
24,2531
50,2532
97,2533
70,2534
52,2535
96,2536
4,2537
63,2538
60,2539
33,2540
64,2541
89,2542
78,2543
9,2544
88,2545
36,2546
10,2547
35,2548
97,2549
54,2550
58,2551
75,2552
93,2553
13,2554
17,2555
17,2556
0,2557
75,2558
6,2559
70,2560
64,2561
75,2562
85,2563
25,2564
28,2565
51,2566
47,2567
35,2568
13,2569
3,2570
81,2571
19,2572
49,2573
44,2574
89,2575
77,2576
43,2577
5,2578
20,2579
19,2580
51,2581
35,2582
82,2583
77,2584
54,2585
83,2586
92,2587
29,2588
22,2589
47,2590
30,2591
65,2592
56,2593
36,2594
58,2595
71,2596
40,2597
7,2598
86,2599
60,2600
3,2601
67,2602
5,2603
72,2604
44,2605
34,2606
75,2607
35,2608
16,2609
55,2610
74,2611
83,2612
38,2613
30,2614
84,2615
9,2616
5,2617
93,2618
86,2619
63,2620
51,2621
82,2622
13,2623
36,2624
64,2625
33,2626
21,2627
35,2628
37,2629
64,2630
51,2631
9,2632
92,2633
32,2634
61,2635
52,2636
15,2637
28,2638
7,2639
97,2640
76,2641
18,2642
35,2643
38,2644
17,2645
57,2646
24,2647
36,2648
45,2649
39,2650
47,2651
78,2652
88,2653
76,2654
22,2655
57,2656
24,2657
88,2658
28,2659
6,2660
57,2661
73,2662
31,2663
36,2664
50,2665
78,2666
55,2667
88,2668
62,2669
0,2670
6,2671
7,2672
0,2673
26,2674
83,2675
45,2676
16,2677
1,2678
45,2679
87,2680
51,2681
5,2682
11,2683
79,2684
1,2685
38,2686
14,2687
81,2688
11,2689
2,2690
27,2691
70,2692
20,2693
45,2694
91,2695
39,2696
55,2697
44,2698
62,2699
34,2700
86,2701
53,2702
59,2703
40,2704
34,2705
77,2706
96,2707
79,2708
88,2709
55,2710
84,2711
15,2712
76,2713
80,2714
37,2715
78,2716
91,2717
13,2718
88,2719
87,2720
75,2721
48,2722
28,2723
40,2724
60,2725
39,2726
72,2727
23,2728
29,2729
29,2730
67,2731
21,2732
34,2733
66,2734
64,2735
73,2736
29,2737
98,2738
51,2739
40,2740
44,2741
86,2742
60,2743
25,2744
57,2745
46,2746
18,2747
13,2748
52,2749
43,2750
35,2751
40,2752
32,2753
90,2754
33,2755
68,2756
50,2757
71,2758
64,2759
3,2760
80,2761
31,2762
83,2763
26,2764
96,2765
30,2766
72,2767
25,2768
97,2769
1,2770
3,2771
3,2772
29,2773
19,2774
56,2775
82,2776
45,2777
19,2778
39,2779
10,2780
86,2781
50,2782
98,2783
38,2784
23,2785
70,2786
54,2787
45,2788
91,2789
81,2790
9,2791
36,2792
42,2793
20,2794
69,2795
84,2796
34,2797
96,2798
36,2799
85,2800
19,2801
80,2802
9,2803
48,2804
21,2805
59,2806
90,2807
99,2808
88,2809
42,2810
85,2811
55,2812
34,2813
6,2814
37,2815
9,2816
81,2817
79,2818
69,2819
38,2820
7,2821
85,2822
48,2823
48,2824
80,2825
82,2826
40,2827
8,2828
54,2829
16,2830
53,2831
27,2832
91,2833
57,2834
57,2835
55,2836
20,2837
9,2838
76,2839
28,2840
42,2841
49,2842
81,2843
22,2844
45,2845
93,2846
60,2847
80,2848
25,2849
80,2850
17,2851
17,2852
48,2853
85,2854
7,2855
67,2856
18,2857
37,2858
94,2859
88,2860
80,2861
50,2862
80,2863
92,2864
84,2865
71,2866
28,2867
95,2868
54,2869
31,2870
41,2871
86,2872
97,2873
7,2874
49,2875
88,2876
42,2877
88,2878
12,2879
54,2880
50,2881
90,2882
57,2883
65,2884
13,2885
9,2886
40,2887
72,2888
76,2889
30,2890
78,2891
44,2892
42,2893
13,2894
34,2895
14,2896
97,2897
4,2898
74,2899
68,2900
83,2901
46,2902
30,2903
74,2904
45,2905
79,2906
44,2907
31,2908
14,2909
6,2910
52,2911
35,2912
9,2913
62,2914
95,2915
2,2916
59,2917
3,2918
34,2919
13,2920
5,2921
72,2922
0,2923
49,2924
85,2925
48,2926
15,2927
13,2928
51,2929
48,2930
97,2931
89,2932
86,2933
76,2934
68,2935
23,2936
79,2937
57,2938
69,2939
17,2940
38,2941
51,2942
70,2943
83,2944
9,2945
32,2946
34,2947
65,2948
78,2949
14,2950
88,2951
7,2952
3,2953
87,2954
28,2955
91,2956
73,2957
57,2958
56,2959
10,2960
27,2961
80,2962
75,2963
53,2964
16,2965
1,2966
43,2967
68,2968
73,2969
1,2970
2,2971
22,2972
45,2973
36,2974
43,2975
13,2976
21,2977
79,2978
4,2979
56,2980
27,2981
46,2982
90,2983
51,2984
89,2985
0,2986
14,2987
69,2988
39,2989
54,2990
27,2991
64,2992
8,2993
35,2994
46,2995
90,2996
47,2997
77,2998
18,2999
58,3000
33,3001
85,3002
78,3003
71,3004
13,3005
91,3006
68,3007
89,3008
72,3009
11,3010
19,3011
21,3012
44,3013
0,3014
9,3015
80,3016
66,3017
12,3018
9,3019
5,3020
37,3021
40,3022
51,3023
1,3024
78,3025
53,3026
91,3027
99,3028
31,3029
65,3030
52,3031
21,3032
24,3033
60,3034
17,3035
87,3036
36,3037
94,3038
82,3039
71,3040
42,3041
72,3042
89,3043
98,3044
27,3045
82,3046
88,3047
78,3048
64,3049
35,3050
93,3051
51,3052
64,3053
99,3054
33,3055
0,3056
94,3057
11,3058
63,3059
77,3060
84,3061
95,3062
60,3063
77,3064
73,3065
61,3066
87,3067
99,3068
33,3069
23,3070
7,3071
25,3072
66,3073
30,3074
0,3075
53,3076
67,3077
21,3078
46,3079
68,3080
84,3081
46,3082
78,3083
29,3084
10,3085
46,3086
31,3087
20,3088
98,3089
1,3090
35,3091
32,3092
36,3093
77,3094
60,3095
15,3096
16,3097
71,3098
32,3099
95,3100
40,3101
76,3102
51,3103
15,3104
30,3105
64,3106
80,3107
31,3108
33,3109
40,3110
84,3111
4,3112
96,3113
83,3114
37,3115
44,3116
88,3117
43,3118
5,3119
42,3120
69,3121
36,3122
31,3123
80,3124
42,3125
93,3126
72,3127
34,3128
66,3129
42,3130
55,3131
53,3132
91,3133
97,3134
61,3135
79,3136
86,3137
88,3138
66,3139
18,3140
72,3141
0,3142
52,3143
62,3144
23,3145
70,3146
43,3147
21,3148
90,3149
66,3150
77,3151
76,3152
99,3153
65,3154
14,3155
20,3156
76,3157
80,3158
36,3159
51,3160
4,3161
1,3162
88,3163
48,3164
51,3165
2,3166
90,3167
80,3168
8,3169
17,3170
4,3171
76,3172
40,3173
84,3174
60,3175
87,3176
62,3177
59,3178
74,3179
38,3180
11,3181
72,3182
50,3183
18,3184
53,3185
88,3186
1,3187
74,3188
97,3189
5,3190
68,3191
78,3192
96,3193
56,3194
1,3195
83,3196
26,3197
95,3198
1,3199
42,3200
75,3201
75,3202
27,3203
11,3204
16,3205
49,3206
73,3207
74,3208
98,3209
61,3210
58,3211
95,3212
85,3213
23,3214
93,3215
89,3216
35,3217
43,3218
54,3219
91,3220
87,3221
41,3222
68,3223
20,3224
34,3225
14,3226
45,3227
31,3228
17,3229
54,3230
2,3231
42,3232
14,3233
39,3234
73,3235
80,3236
46,3237
90,3238
86,3239
52,3240
68,3241
34,3242
70,3243
73,3244
61,3245
38,3246
23,3247
43,3248
63,3249
74,3250
51,3251
88,3252
69,3253
77,3254
24,3255
91,3256
80,3257
86,3258
28,3259
56,3260
34,3261
93,3262
30,3263
62,3264
42,3265
0,3266
38,3267
97,3268
74,3269
32,3270
5,3271
29,3272
58,3273
45,3274
33,3275
85,3276
11,3277
58,3278
28,3279
23,3280
30,3281
29,3282
31,3283
89,3284
71,3285
70,3286
79,3287
39,3288
15,3289
5,3290
91,3291
63,3292
76,3293
49,3294
62,3295
54,3296
33,3297
54,3298
71,3299
9,3300
26,3301
99,3302
14,3303
39,3304
66,3305
73,3306
26,3307
76,3308
45,3309
20,3310
73,3311
10,3312
5,3313
48,3314
62,3315
49,3316
11,3317
7,3318
63,3319
85,3320
0,3321
97,3322
42,3323
49,3324
40,3325
12,3326
86,3327
53,3328
49,3329
63,3330
11,3331
7,3332
78,3333
27,3334
21,3335
95,3336
99,3337
55,3338
30,3339
69,3340
30,3341
34,3342
81,3343
96,3344
98,3345
49,3346
93,3347
92,3348
64,3349
37,3350
76,3351
13,3352
12,3353
43,3354
88,3355
8,3356
69,3357
2,3358
43,3359
32,3360
97,3361
95,3362
96,3363
88,3364
65,3365
71,3366
93,3367
8,3368
61,3369
0,3370
32,3371
13,3372
14,3373
48,3374
60,3375
70,3376
28,3377
8,3378
41,3379
13,3380
71,3381
5,3382
11,3383
2,3384
88,3385
84,3386
83,3387
8,3388
21,3389
11,3390
97,3391
28,3392
59,3393
16,3394
16,3395
51,3396
23,3397
19,3398
93,3399
85,3400
86,3401
80,3402
18,3403
72,3404
11,3405
25,3406
22,3407
88,3408
97,3409
95,3410
56,3411
1,3412
3,3413
76,3414
93,3415
62,3416
57,3417
24,3418
23,3419
48,3420
60,3421
14,3422
28,3423
86,3424
29,3425
93,3426
39,3427
16,3428
61,3429
34,3430
62,3431
5,3432
25,3433
71,3434
19,3435
46,3436
54,3437
97,3438
9,3439
67,3440
75,3441
42,3442
67,3443
81,3444
34,3445
67,3446
70,3447
85,3448
0,3449
10,3450
58,3451
81,3452
71,3453
51,3454
46,3455
40,3456
46,3457
16,3458
32,3459
70,3460
32,3461
86,3462
9,3463
46,3464
48,3465
50,3466
70,3467
12,3468
29,3469
17,3470
99,3471
98,3472
18,3473
77,3474
22,3475
11,3476
26,3477
86,3478
62,3479
28,3480
12,3481
6,3482
56,3483
92,3484
25,3485
51,3486
58,3487
27,3488
6,3489
69,3490
41,3491
5,3492
72,3493
67,3494
21,3495
39,3496
85,3497
77,3498
73,3499
6,3500
3,3501
94,3502
60,3503
50,3504
39,3505
35,3506
1,3507
19,3508
84,3509
93,3510
61,3511
73,3512
18,3513
3,3514
58,3515
21,3516
9,3517
68,3518
61,3519
23,3520
91,3521
72,3522
55,3523
56,3524
87,3525
93,3526
27,3527
35,3528
36,3529
3,3530
66,3531
86,3532
73,3533
74,3534
0,3535
2,3536
17,3537
30,3538
75,3539
20,3540
62,3541
30,3542
19,3543
77,3544
85,3545
6,3546
14,3547
14,3548
11,3549
99,3550
35,3551
25,3552
70,3553
30,3554
53,3555
20,3556
74,3557
80,3558
53,3559
24,3560
45,3561
53,3562
85,3563
13,3564
57,3565
24,3566
96,3567
85,3568
83,3569
71,3570
72,3571
53,3572
92,3573
1,3574
55,3575
10,3576
97,3577
49,3578
60,3579
18,3580
97,3581
36,3582
26,3583
48,3584
33,3585
48,3586
3,3587
72,3588
75,3589
83,3590
89,3591
39,3592
86,3593
32,3594
32,3595
26,3596
99,3597
9,3598
80,3599
37,3600
40,3601
70,3602
74,3603
86,3604
62,3605
35,3606
54,3607
19,3608
2,3609
28,3610
21,3611
51,3612
19,3613
33,3614
66,3615
0,3616
64,3617
64,3618
84,3619
37,3620
11,3621
99,3622
39,3623
90,3624
99,3625
47,3626
90,3627
17,3628
13,3629
55,3630
68,3631
5,3632
37,3633
29,3634
11,3635
56,3636
99,3637
91,3638
52,3639
43,3640
40,3641
61,3642
9,3643
66,3644
80,3645
11,3646
36,3647
74,3648
21,3649
40,3650
40,3651
68,3652
83,3653
29,3654
66,3655
89,3656
4,3657
40,3658
5,3659
37,3660
71,3661
38,3662
22,3663
9,3664
99,3665
92,3666
70,3667
48,3668
84,3669
87,3670
59,3671
50,3672
4,3673
67,3674
4,3675
31,3676
79,3677
87,3678
95,3679
23,3680
19,3681
8,3682
73,3683
93,3684
94,3685
27,3686
66,3687
73,3688
78,3689
94,3690
17,3691
38,3692
7,3693
62,3694
38,3695
4,3696
21,3697
18,3698
89,3699
40,3700
83,3701
7,3702
82,3703
67,3704
1,3705
68,3706
39,3707
96,3708
25,3709
43,3710
48,3711
0,3712
95,3713
6,3714
88,3715
89,3716
96,3717
36,3718
8,3719
14,3720
9,3721
88,3722
34,3723
80,3724
75,3725
61,3726
2,3727
4,3728
25,3729
9,3730
74,3731
56,3732
90,3733
81,3734
20,3735
91,3736
50,3737
63,3738
38,3739
43,3740
54,3741
1,3742
89,3743
13,3744
15,3745
91,3746
13,3747
10,3748
19,3749
93,3750
16,3751
21,3752
34,3753
41,3754
68,3755
51,3756
80,3757
15,3758
93,3759
56,3760
31,3761
76,3762
72,3763
37,3764
90,3765
27,3766
87,3767
1,3768
82,3769
27,3770
34,3771
46,3772
41,3773
15,3774
54,3775
24,3776
48,3777
92,3778
61,3779
18,3780
13,3781
65,3782
4,3783
90,3784
23,3785
98,3786
85,3787
4,3788
74,3789
37,3790
62,3791
51,3792
88,3793
65,3794
15,3795
18,3796
34,3797
6,3798
26,3799
95,3800
56,3801
18,3802
32,3803
53,3804
4,3805
98,3806
59,3807
85,3808
32,3809
5,3810
65,3811
23,3812
78,3813
84,3814
36,3815
0,3816
19,3817
35,3818
14,3819
35,3820
79,3821
35,3822
15,3823
33,3824
74,3825
65,3826
64,3827
85,3828
73,3829
52,3830
93,3831
95,3832
69,3833
67,3834
52,3835
23,3836
1,3837
93,3838
87,3839
77,3840
84,3841
69,3842
22,3843
44,3844
0,3845
34,3846
69,3847
34,3848
97,3849
93,3850
46,3851
56,3852
1,3853
55,3854
62,3855
86,3856
55,3857
93,3858
7,3859
99,3860
19,3861
70,3862
79,3863
93,3864
30,3865
86,3866
82,3867
91,3868
36,3869
34,3870
38,3871
13,3872
34,3873
8,3874
30,3875
19,3876
89,3877
23,3878
29,3879
65,3880
4,3881
97,3882
22,3883
93,3884
0,3885
46,3886
56,3887
22,3888
68,3889
7,3890
90,3891
2,3892
75,3893
68,3894
19,3895
51,3896
76,3897
19,3898
12,3899
68,3900
20,3901
56,3902
57,3903
91,3904
3,3905
14,3906
53,3907
83,3908
29,3909
73,3910
52,3911
48,3912
28,3913
34,3914
92,3915
3,3916
53,3917
80,3918
19,3919
98,3920
83,3921
94,3922
59,3923
85,3924
13,3925
3,3926
14,3927
6,3928
89,3929
56,3930
34,3931
79,3932
23,3933
0,3934
21,3935
83,3936
32,3937
46,3938
30,3939
29,3940
74,3941
16,3942
92,3943
58,3944
53,3945
80,3946
93,3947
19,3948
39,3949
59,3950
69,3951
89,3952
81,3953
14,3954
96,3955
69,3956
12,3957
20,3958
55,3959
64,3960
99,3961
69,3962
77,3963
36,3964
82,3965
2,3966
44,3967
93,3968
76,3969
8,3970
75,3971
53,3972
22,3973
62,3974
95,3975
28,3976
9,3977
9,3978
24,3979
34,3980
8,3981
39,3982
98,3983
46,3984
46,3985
5,3986
15,3987
99,3988
10,3989
74,3990
59,3991
22,3992
50,3993
82,3994
66,3995
6,3996
20,3997
5,3998
28,3999
60,4000
40,4001
56,4002
10,4003
49,4004
98,4005
19,4006
42,4007
94,4008
5,4009
28,4010
91,4011
68,4012
88,4013
78,4014
18,4015
40,4016
1,4017
68,4018
94,4019
71,4020
8,4021
76,4022
95,4023
38,4024
27,4025
90,4026
35,4027
93,4028
80,4029
35,4030
35,4031
98,4032
56,4033
9,4034
85,4035
88,4036
23,4037
0,4038
60,4039
86,4040
48,4041
89,4042
42,4043
91,4044
83,4045
39,4046
83,4047
81,4048
4,4049
35,4050
25,4051
19,4052
78,4053
27,4054
94,4055
85,4056
13,4057
51,4058
95,4059
97,4060
30,4061
69,4062
36,4063
5,4064
68,4065
6,4066
12,4067
66,4068
78,4069
15,4070
64,4071
13,4072
24,4073
31,4074
3,4075
74,4076
9,4077
47,4078
90,4079
65,4080
91,4081
17,4082
44,4083
5,4084
75,4085
79,4086
63,4087
20,4088
55,4089
48,4090
55,4091
88,4092
85,4093
97,4094
41,4095
68,4096
56,4097
4,4098
77,4099
32,4100
53,4101
41,4102
57,4103
28,4104
80,4105
79,4106
48,4107
30,4108
16,4109
1,4110
83,4111
5,4112
3,4113
87,4114
4,4115
44,4116
45,4117
13,4118
72,4119
13,4120
75,4121
43,4122
46,4123
49,4124
17,4125
5,4126
88,4127
52,4128
97,4129
74,4130
6,4131
39,4132
65,4133
81,4134
69,4135
99,4136
86,4137
97,4138
13,4139
33,4140
64,4141
89,4142
70,4143
99,4144
41,4145
95,4146
13,4147
71,4148
15,4149
24,4150
64,4151
76,4152
11,4153
83,4154
57,4155
81,4156
65,4157
96,4158
93,4159
14,4160
42,4161
42,4162
65,4163
34,4164
38,4165
70,4166
70,4167
97,4168
62,4169
37,4170
61,4171
98,4172
25,4173
26,4174
50,4175
15,4176
61,4177
45,4178
58,4179
35,4180
40,4181
34,4182
21,4183
97,4184
4,4185
22,4186
88,4187
13,4188
39,4189
96,4190
24,4191
5,4192
97,4193
54,4194
19,4195
65,4196
90,4197
93,4198
42,4199
34,4200
94,4201
31,4202
31,4203
9,4204
8,4205
97,4206
52,4207
93,4208
35,4209
6,4210
51,4211
27,4212
19,4213
63,4214
86,4215
40,4216
18,4217
92,4218
35,4219
55,4220
4,4221
90,4222
72,4223
8,4224
90,4225
30,4226
18,4227
44,4228
6,4229
87,4230
84,4231
70,4232
20,4233
85,4234
74,4235
41,4236
17,4237
85,4238
2,4239
63,4240
85,4241
97,4242
76,4243
55,4244
72,4245
36,4246
52,4247
56,4248
81,4249
77,4250
45,4251
78,4252
32,4253
12,4254
55,4255
86,4256
8,4257
7,4258
64,4259
97,4260
94,4261
71,4262
43,4263
70,4264
88,4265
25,4266
59,4267
20,4268
43,4269
51,4270
18,4271
6,4272
5,4273
15,4274
70,4275
24,4276
7,4277
14,4278
51,4279
62,4280
93,4281
33,4282
64,4283
37,4284
95,4285
90,4286
34,4287
41,4288
53,4289
9,4290
95,4291
26,4292
77,4293
40,4294
91,4295
41,4296
6,4297
16,4298
5,4299
9,4300
32,4301
15,4302
17,4303
4,4304
10,4305
58,4306
27,4307
48,4308
39,4309
81,4310
22,4311
8,4312
85,4313
90,4314
68,4315
21,4316
99,4317
23,4318
88,4319
81,4320
72,4321
11,4322
48,4323
15,4324
88,4325
42,4326
32,4327
8,4328
40,4329
9,4330
46,4331
12,4332
74,4333
11,4334
16,4335
12,4336
27,4337
28,4338
22,4339
26,4340
86,4341
65,4342
36,4343
28,4344
58,4345
14,4346
15,4347
85,4348
89,4349
27,4350
38,4351
87,4352
45,4353
64,4354
43,4355
69,4356
9,4357
41,4358
21,4359
22,4360
49,4361
46,4362
9,4363
86,4364
25,4365
78,4366
41,4367
54,4368
79,4369
21,4370
60,4371
62,4372
88,4373
82,4374
94,4375
18,4376
76,4377
44,4378
23,4379
16,4380
85,4381
20,4382
7,4383
97,4384
20,4385
56,4386
61,4387
42,4388
18,4389
11,4390
9,4391
7,4392
22,4393
12,4394
61,4395
21,4396
19,4397
86,4398
56,4399
62,4400
89,4401
31,4402
46,4403
24,4404
25,4405
51,4406
38,4407
14,4408
46,4409
33,4410
39,4411
98,4412
95,4413
90,4414
48,4415
20,4416
25,4417
73,4418
97,4419
93,4420
50,4421
28,4422
95,4423
84,4424
22,4425
47,4426
22,4427
74,4428
60,4429
58,4430
2,4431
31,4432
26,4433
31,4434
62,4435
10,4436
12,4437
67,4438
35,4439
79,4440
96,4441
98,4442
90,4443
83,4444
53,4445
90,4446
12,4447
26,4448
39,4449
5,4450
89,4451
39,4452
93,4453
96,4454
30,4455
92,4456
69,4457
5,4458
5,4459
45,4460
12,4461
12,4462
62,4463
56,4464
27,4465
73,4466
69,4467
93,4468
72,4469
5,4470
76,4471
75,4472
66,4473
65,4474
65,4475
96,4476
33,4477
33,4478
75,4479
70,4480
98,4481
56,4482
71,4483
38,4484
88,4485
8,4486
35,4487
69,4488
93,4489
61,4490
18,4491
41,4492
20,4493
25,4494
25,4495
34,4496
47,4497
71,4498
36,4499
39,4500
9,4501
7,4502
52,4503
50,4504
98,4505
94,4506
19,4507
66,4508
53,4509
25,4510
10,4511
2,4512
59,4513
48,4514
27,4515
76,4516
45,4517
91,4518
75,4519
59,4520
9,4521
0,4522
81,4523
82,4524
20,4525
28,4526
58,4527
35,4528
69,4529
12,4530
43,4531
47,4532
56,4533
31,4534
95,4535
55,4536
5,4537
96,4538
86,4539
95,4540
14,4541
60,4542
39,4543
7,4544
7,4545
90,4546
55,4547
58,4548
79,4549
90,4550
56,4551
47,4552
48,4553
15,4554
58,4555
74,4556
45,4557
1,4558
11,4559
74,4560
26,4561
24,4562
92,4563
33,4564
7,4565
56,4566
93,4567
24,4568
0,4569
99,4570
0,4571
26,4572
26,4573
93,4574
70,4575
63,4576
0,4577
98,4578
77,4579
68,4580
18,4581
33,4582
80,4583
76,4584
99,4585
77,4586
12,4587
67,4588
56,4589
45,4590
98,4591
13,4592
30,4593
28,4594
99,4595
96,4596
30,4597
25,4598
53,4599
29,4600
38,4601
11,4602
15,4603
24,4604
40,4605
13,4606
25,4607
47,4608
27,4609
90,4610
38,4611
23,4612
71,4613
46,4614
9,4615
59,4616
24,4617
90,4618
32,4619
35,4620
95,4621
61,4622
22,4623
3,4624
49,4625
96,4626
2,4627
53,4628
29,4629
73,4630
65,4631
89,4632
46,4633
36,4634
38,4635
86,4636
85,4637
0,4638
78,4639
32,4640
19,4641
92,4642
46,4643
50,4644
31,4645
87,4646
47,4647
74,4648
66,4649
75,4650
34,4651
91,4652
16,4653
59,4654
38,4655
40,4656
67,4657
34,4658
64,4659
86,4660
65,4661
74,4662
72,4663
3,4664
57,4665
93,4666
76,4667
67,4668
32,4669
35,4670
0,4671
59,4672
78,4673
93,4674
90,4675
57,4676
61,4677
8,4678
9,4679
27,4680
42,4681
37,4682
34,4683
46,4684
50,4685
61,4686
50,4687
46,4688
46,4689
7,4690
68,4691
66,4692
69,4693
78,4694
58,4695
70,4696
52,4697
77,4698
68,4699
61,4700
64,4701
54,4702
30,4703
56,4704
46,4705
64,4706
4,4707
58,4708
16,4709
31,4710
37,4711
6,4712
52,4713
32,4714
88,4715
51,4716
10,4717
16,4718
54,4719
78,4720
49,4721
93,4722
64,4723
21,4724
96,4725
14,4726
96,4727
87,4728
42,4729
54,4730
4,4731
16,4732
99,4733
2,4734
64,4735
42,4736
31,4737
31,4738
97,4739
81,4740
67,4741
73,4742
79,4743
25,4744
2,4745
25,4746
46,4747
94,4748
5,4749
70,4750
13,4751
11,4752
90,4753
95,4754
48,4755
49,4756
39,4757
54,4758
67,4759
89,4760
40,4761
6,4762
67,4763
84,4764
69,4765
36,4766
34,4767
80,4768
75,4769
16,4770
45,4771
48,4772
13,4773
75,4774
49,4775
92,4776
65,4777
23,4778
51,4779
71,4780
63,4781
63,4782
0,4783
56,4784
4,4785
21,4786
89,4787
44,4788
28,4789
65,4790
9,4791
53,4792
58,4793
34,4794
42,4795
74,4796
81,4797
66,4798
28,4799
74,4800
19,4801
66,4802
47,4803
51,4804
65,4805
73,4806
51,4807
54,4808
46,4809
50,4810
92,4811
92,4812
43,4813
95,4814
77,4815
33,4816
34,4817
40,4818
78,4819
32,4820
41,4821
76,4822
29,4823
98,4824
74,4825
50,4826
1,4827
70,4828
67,4829
88,4830
97,4831
75,4832
97,4833
89,4834
88,4835
98,4836
55,4837
8,4838
91,4839
22,4840
66,4841
67,4842
19,4843
76,4844
54,4845
55,4846
4,4847
86,4848
97,4849
2,4850
82,4851
59,4852
79,4853
57,4854
76,4855
26,4856
49,4857
70,4858
35,4859
63,4860
29,4861
78,4862
15,4863
42,4864
31,4865
49,4866
74,4867
49,4868
4,4869
97,4870
16,4871
96,4872
32,4873
30,4874
67,4875
66,4876
28,4877
67,4878
69,4879
77,4880
91,4881
8,4882
68,4883
41,4884
31,4885
8,4886
95,4887
64,4888
6,4889
86,4890
79,4891
56,4892
44,4893
82,4894
18,4895
22,4896
40,4897
34,4898
28,4899
71,4900
61,4901
61,4902
18,4903
74,4904
10,4905
62,4906
13,4907
77,4908
68,4909
3,4910
37,4911
11,4912
9,4913
45,4914
25,4915
25,4916
85,4917
76,4918
62,4919
15,4920
24,4921
96,4922
10,4923
84,4924
89,4925
82,4926
7,4927
76,4928
5,4929
81,4930
56,4931
7,4932
64,4933
32,4934
73,4935
8,4936
5,4937
12,4938
9,4939
23,4940
29,4941
1,4942
7,4943
53,4944
33,4945
89,4946
82,4947
83,4948
39,4949
11,4950
85,4951
25,4952
23,4953
23,4954
1,4955
92,4956
22,4957
60,4958
79,4959
64,4960
69,4961
21,4962
0,4963
24,4964
78,4965
25,4966
28,4967
95,4968
73,4969
4,4970
3,4971
28,4972
65,4973
77,4974
54,4975
44,4976
11,4977
42,4978
36,4979
30,4980
6,4981
16,4982
37,4983
39,4984
70,4985
54,4986
48,4987
52,4988
1,4989
0,4990
39,4991
66,4992
93,4993
46,4994
4,4995
41,4996
22,4997
36,4998
17,4999
13,5000
59,5001
26,5002
85,5003
37,5004
29,5005
16,5006
58,5007
13,5008
70,5009
14,5010
31,5011
97,5012
8,5013
61,5014
32,5015
40,5016
93,5017
57,5018
20,5019
43,5020
41,5021
69,5022
98,5023
27,5024
87,5025
1,5026
68,5027
44,5028
69,5029
54,5030
82,5031
66,5032
84,5033
66,5034
79,5035
40,5036
46,5037
37,5038
80,5039
78,5040
51,5041
57,5042
36,5043
32,5044
11,5045
26,5046
15,5047
14,5048
30,5049
88,5050
60,5051
34,5052
95,5053
94,5054
12,5055
35,5056
0,5057
73,5058
99,5059
57,5060
91,5061
28,5062
1,5063
15,5064
46,5065
82,5066
67,5067
89,5068
16,5069
74,5070
67,5071
55,5072
86,5073
99,5074
18,5075
53,5076
54,5077
30,5078
25,5079
60,5080
22,5081
64,5082
12,5083
35,5084
97,5085
44,5086
20,5087
68,5088
95,5089
87,5090
50,5091
52,5092
3,5093
55,5094
86,5095
22,5096
9,5097
96,5098
41,5099
58,5100
8,5101
90,5102
13,5103
97,5104
14,5105
97,5106
89,5107
65,5108
71,5109
61,5110
57,5111
49,5112
77,5113
16,5114
54,5115
86,5116
37,5117
34,5118
49,5119
60,5120
56,5121
53,5122
30,5123
25,5124
70,5125
1,5126
0,5127
81,5128
21,5129
34,5130
24,5131
50,5132
35,5133
54,5134
69,5135
94,5136
50,5137
72,5138
26,5139
86,5140
73,5141
23,5142
51,5143
38,5144
74,5145
67,5146
94,5147
19,5148
21,5149
60,5150
22,5151
96,5152
5,5153
39,5154
49,5155
74,5156
97,5157
62,5158
51,5159
2,5160
99,5161
93,5162
26,5163
70,5164
21,5165
50,5166
62,5167
91,5168
16,5169
67,5170
8,5171
10,5172
46,5173
10,5174
17,5175
87,5176
25,5177
54,5178
9,5179
7,5180
87,5181
3,5182
74,5183
1,5184
75,5185
73,5186
50,5187
33,5188
30,5189
62,5190
8,5191
0,5192
45,5193
61,5194
20,5195
57,5196
48,5197
90,5198
35,5199
17,5200
15,5201
89,5202
26,5203
72,5204
49,5205
89,5206
0,5207
76,5208
74,5209
78,5210
96,5211
47,5212
67,5213
74,5214
41,5215
6,5216
71,5217
11,5218
30,5219
60,5220
5,5221
55,5222
90,5223
16,5224
23,5225
27,5226
95,5227
29,5228
41,5229
84,5230
17,5231
77,5232
32,5233
18,5234
44,5235
35,5236
5,5237
63,5238
62,5239
58,5240
96,5241
35,5242
14,5243
53,5244
59,5245
74,5246
34,5247
30,5248
0,5249
20,5250
66,5251
12,5252
74,5253
31,5254
50,5255
47,5256
43,5257
42,5258
62,5259
85,5260
99,5261
39,5262
53,5263
39,5264
90,5265
55,5266
78,5267
56,5268
52,5269
47,5270
48,5271
53,5272
24,5273
12,5274
87,5275
52,5276
32,5277
20,5278
90,5279
36,5280
77,5281
23,5282
53,5283
95,5284
40,5285
23,5286
67,5287
2,5288
2,5289
89,5290
29,5291
27,5292
64,5293
15,5294
44,5295
37,5296
95,5297
51,5298
62,5299
4,5300
97,5301
80,5302
22,5303
78,5304
51,5305
44,5306
72,5307
79,5308
45,5309
20,5310
52,5311
29,5312
20,5313
13,5314
6,5315
73,5316
45,5317
62,5318
15,5319
9,5320
46,5321
24,5322
16,5323
80,5324
28,5325
73,5326
97,5327
8,5328
18,5329
99,5330
64,5331
24,5332
37,5333
59,5334
56,5335
23,5336
48,5337
66,5338
57,5339
8,5340
92,5341
43,5342
67,5343
5,5344
46,5345
68,5346
38,5347
45,5348
50,5349
87,5350
18,5351
2,5352
19,5353
1,5354
66,5355
44,5356
61,5357
21,5358
45,5359
96,5360
31,5361
57,5362
8,5363
81,5364
19,5365
64,5366
71,5367
76,5368
59,5369
18,5370
0,5371
69,5372
31,5373
36,5374
22,5375
51,5376
70,5377
57,5378
61,5379
19,5380
58,5381
6,5382
66,5383
34,5384
17,5385
49,5386
71,5387
7,5388
75,5389
57,5390
22,5391
41,5392
94,5393
30,5394
84,5395
49,5396
0,5397
50,5398
68,5399
54,5400
34,5401
61,5402
44,5403
49,5404
88,5405
12,5406
0,5407
93,5408
77,5409
4,5410
11,5411
54,5412
54,5413
30,5414
40,5415
59,5416
42,5417
57,5418
39,5419
31,5420
5,5421
86,5422
41,5423
96,5424
60,5425
42,5426
92,5427
78,5428
29,5429
54,5430
54,5431
74,5432
7,5433
6,5434
26,5435
6,5436
81,5437
75,5438
89,5439
86,5440
73,5441
30,5442
27,5443
58,5444
95,5445
49,5446
87,5447
82,5448
22,5449
20,5450
12,5451
89,5452
16,5453
39,5454
12,5455
14,5456
0,5457
13,5458
53,5459
8,5460
53,5461
4,5462
3,5463
36,5464
50,5465
40,5466
71,5467
5,5468
19,5469
64,5470
98,5471
52,5472
81,5473
41,5474
68,5475
98,5476
98,5477
47,5478
85,5479
35,5480
7,5481
26,5482
44,5483
95,5484
38,5485
11,5486
59,5487
10,5488
25,5489
81,5490
85,5491
31,5492
20,5493
3,5494
3,5495
62,5496
41,5497
87,5498
97,5499
15,5500
33,5501
65,5502
47,5503
46,5504
55,5505
79,5506
90,5507
88,5508
2,5509
93,5510
54,5511
15,5512
6,5513
69,5514
14,5515
8,5516
10,5517
83,5518
93,5519
71,5520
48,5521
18,5522
34,5523
13,5524
27,5525
62,5526
95,5527
82,5528
8,5529
15,5530
57,5531
97,5532
7,5533
92,5534
51,5535
66,5536
3,5537
97,5538
74,5539
82,5540
70,5541
83,5542
88,5543
11,5544
41,5545
85,5546
22,5547
88,5548
91,5549
45,5550
81,5551
47,5552
14,5553
4,5554
44,5555
89,5556
50,5557
71,5558
60,5559
68,5560
30,5561
73,5562
50,5563
20,5564
52,5565
44,5566
21,5567
99,5568
35,5569
91,5570
52,5571
24,5572
55,5573
32,5574
6,5575
91,5576
4,5577
91,5578
21,5579
76,5580
17,5581
54,5582
39,5583
87,5584
46,5585
2,5586
65,5587
93,5588
87,5589
5,5590
66,5591
36,5592
36,5593
23,5594
91,5595
90,5596
96,5597
13,5598
67,5599
33,5600
26,5601
27,5602
62,5603
20,5604
7,5605
69,5606
92,5607
44,5608
31,5609
10,5610
46,5611
38,5612
70,5613
48,5614
7,5615
84,5616
67,5617
64,5618
37,5619
87,5620
15,5621
60,5622
15,5623
4,5624
90,5625
31,5626
28,5627
46,5628
16,5629
12,5630
94,5631
96,5632
97,5633
87,5634
76,5635
74,5636
26,5637
60,5638
63,5639
55,5640
83,5641
65,5642
17,5643
66,5644
41,5645
17,5646
61,5647
7,5648
52,5649
74,5650
45,5651
70,5652
93,5653
69,5654
62,5655
65,5656
47,5657
92,5658
13,5659
89,5660
14,5661
66,5662
78,5663
6,5664
99,5665
22,5666
45,5667
84,5668
25,5669
20,5670
85,5671
31,5672
5,5673
28,5674
44,5675
23,5676
54,5677
5,5678
15,5679
83,5680
38,5681
47,5682
79,5683
52,5684
16,5685
45,5686
59,5687
10,5688
90,5689
46,5690
36,5691
16,5692
12,5693
45,5694
38,5695
55,5696
4,5697
43,5698
68,5699
49,5700
43,5701
18,5702
4,5703
66,5704
69,5705
91,5706
56,5707
90,5708
72,5709
22,5710
78,5711
57,5712
94,5713
63,5714
82,5715
25,5716
76,5717
92,5718
8,5719
89,5720
66,5721
84,5722
54,5723
5,5724
81,5725
4,5726
5,5727
77,5728
74,5729
34,5730
49,5731
77,5732
32,5733
16,5734
89,5735
21,5736
76,5737
37,5738
43,5739
94,5740
97,5741
12,5742
60,5743
21,5744
97,5745
81,5746
98,5747
43,5748
83,5749
27,5750
99,5751
31,5752
23,5753
14,5754
44,5755
8,5756
8,5757
29,5758
79,5759
8,5760
97,5761
54,5762
46,5763
70,5764
86,5765
40,5766
45,5767
35,5768
92,5769
41,5770
94,5771
10,5772
26,5773
34,5774
91,5775
10,5776
9,5777
42,5778
21,5779
93,5780
55,5781
40,5782
41,5783
29,5784
47,5785
22,5786
68,5787
28,5788
19,5789
53,5790
2,5791
23,5792
46,5793
69,5794
82,5795
11,5796
66,5797
17,5798
46,5799
14,5800
18,5801
83,5802
31,5803
65,5804
15,5805
42,5806
13,5807
50,5808
66,5809
14,5810
15,5811
16,5812
30,5813
98,5814
75,5815
86,5816
11,5817
29,5818
75,5819
55,5820
64,5821
12,5822
15,5823
41,5824
92,5825
12,5826
24,5827
5,5828
24,5829
80,5830
48,5831
83,5832
9,5833
34,5834
24,5835
7,5836
53,5837
1,5838
71,5839
90,5840
29,5841
78,5842
27,5843
78,5844
9,5845
74,5846
32,5847
44,5848
89,5849
15,5850
57,5851
83,5852
89,5853
33,5854
44,5855
85,5856
24,5857
47,5858
48,5859
70,5860
80,5861
86,5862
12,5863
98,5864
69,5865
75,5866
0,5867
18,5868
15,5869
62,5870
0,5871
21,5872
23,5873
30,5874
25,5875
62,5876
90,5877
43,5878
11,5879
30,5880
80,5881
1,5882
78,5883
6,5884
49,5885
66,5886
47,5887
43,5888
83,5889
59,5890
94,5891
36,5892
70,5893
18,5894
44,5895
66,5896
54,5897
48,5898
10,5899
15,5900
20,5901
20,5902
89,5903
5,5904
26,5905
6,5906
88,5907
42,5908
30,5909
27,5910
95,5911
67,5912
11,5913
52,5914
82,5915
33,5916
29,5917
2,5918
64,5919
1,5920
43,5921
2,5922
16,5923
59,5924
94,5925
44,5926
74,5927
92,5928
40,5929
49,5930
75,5931
14,5932
6,5933
31,5934
65,5935
73,5936
88,5937
70,5938
52,5939
26,5940
20,5941
46,5942
89,5943
29,5944
30,5945
38,5946
89,5947
51,5948
77,5949
10,5950
92,5951
66,5952
35,5953
78,5954
38,5955
53,5956
8,5957
88,5958
21,5959
79,5960
77,5961
28,5962
99,5963
41,5964
85,5965
97,5966
38,5967
21,5968
75,5969
48,5970
3,5971
8,5972
88,5973
65,5974
79,5975
45,5976
73,5977
7,5978
89,5979
80,5980
24,5981
76,5982
97,5983
97,5984
62,5985
67,5986
72,5987
66,5988
40,5989
29,5990
86,5991
56,5992
63,5993
3,5994
0,5995
58,5996
60,5997
86,5998
72,5999
89,6000
98,6001
52,6002
11,6003
56,6004
23,6005
86,6006
5,6007
84,6008
73,6009
86,6010
98,6011
98,6012
39,6013
1,6014
29,6015
48,6016
53,6017
27,6018
67,6019
4,6020
69,6021
76,6022
8,6023
62,6024
39,6025
25,6026
47,6027
31,6028
60,6029
50,6030
3,6031
11,6032
92,6033
86,6034
86,6035
95,6036
70,6037
31,6038
2,6039
71,6040
69,6041
28,6042
61,6043
18,6044
11,6045
95,6046
79,6047
97,6048
13,6049
69,6050
98,6051
91,6052
38,6053
98,6054
29,6055
28,6056
25,6057
27,6058
5,6059
74,6060
74,6061
3,6062
48,6063
99,6064
18,6065
93,6066
13,6067
42,6068
90,6069
38,6070
10,6071
44,6072
88,6073
76,6074
23,6075
2,6076
22,6077
87,6078
44,6079
9,6080
66,6081
95,6082
49,6083
59,6084
61,6085
54,6086
55,6087
31,6088
93,6089
57,6090
88,6091
43,6092
67,6093
40,6094
36,6095
51,6096
81,6097
34,6098
43,6099
66,6100
13,6101
38,6102
80,6103
58,6104
66,6105
92,6106
66,6107
82,6108
35,6109
12,6110
56,6111
67,6112
4,6113
67,6114
46,6115
52,6116
94,6117
33,6118
80,6119
38,6120
47,6121
59,6122
40,6123
63,6124
85,6125
17,6126
81,6127
13,6128
99,6129
6,6130
74,6131
42,6132
74,6133
13,6134
26,6135
80,6136
83,6137
12,6138
37,6139
71,6140
43,6141
59,6142
80,6143
44,6144
15,6145
39,6146
17,6147
32,6148
91,6149
71,6150
56,6151
46,6152
22,6153
96,6154
34,6155
34,6156
66,6157
38,6158
64,6159
42,6160
45,6161
55,6162
52,6163
84,6164
3,6165
86,6166
9,6167
66,6168
71,6169
28,6170
92,6171
61,6172
39,6173
13,6174
15,6175
27,6176
86,6177
29,6178
35,6179
58,6180
75,6181
71,6182
4,6183
12,6184
55,6185
69,6186
36,6187
67,6188
49,6189
38,6190
78,6191
91,6192
22,6193
40,6194
96,6195
97,6196
51,6197
38,6198
56,6199
81,6200
14,6201
51,6202
45,6203
98,6204
54,6205
13,6206
6,6207
94,6208
75,6209
88,6210
26,6211
74,6212
26,6213
2,6214
90,6215
68,6216
44,6217
49,6218
21,6219
76,6220
93,6221
81,6222
9,6223
96,6224
53,6225
12,6226
72,6227
54,6228
25,6229
66,6230
73,6231
44,6232
93,6233
55,6234
34,6235
96,6236
55,6237
33,6238
73,6239
45,6240
59,6241
87,6242
75,6243
62,6244
57,6245
2,6246
8,6247
11,6248
24,6249
52,6250
56,6251
42,6252
3,6253
76,6254
74,6255
51,6256
47,6257
13,6258
37,6259
41,6260
71,6261
48,6262
54,6263
35,6264
87,6265
37,6266
26,6267
56,6268
38,6269
58,6270
38,6271
9,6272
40,6273
10,6274
74,6275
38,6276
22,6277
73,6278
29,6279
44,6280
34,6281
29,6282
66,6283
42,6284
96,6285
22,6286
91,6287
28,6288
96,6289
76,6290
55,6291
62,6292
52,6293
10,6294
12,6295
9,6296
8,6297
26,6298
49,6299
79,6300
12,6301
6,6302
11,6303
29,6304
49,6305
61,6306
29,6307
68,6308
36,6309
94,6310
34,6311
47,6312
77,6313
58,6314
13,6315
78,6316
77,6317
56,6318
18,6319
75,6320
14,6321
81,6322
59,6323
78,6324
97,6325
51,6326
12,6327
4,6328
84,6329
63,6330
91,6331
6,6332
55,6333
13,6334
78,6335
72,6336
63,6337
40,6338
0,6339
12,6340
67,6341
35,6342
11,6343
38,6344
41,6345
9,6346
74,6347
84,6348
73,6349
16,6350
98,6351
21,6352
52,6353
14,6354
36,6355
12,6356
57,6357
44,6358
22,6359
46,6360
12,6361
57,6362
47,6363
88,6364
72,6365
91,6366
97,6367
71,6368
46,6369
47,6370
92,6371
33,6372
54,6373
64,6374
49,6375
95,6376
72,6377
15,6378
79,6379
74,6380
11,6381
0,6382
55,6383
60,6384
90,6385
76,6386
19,6387
31,6388
30,6389
83,6390
80,6391
11,6392
42,6393
70,6394
93,6395
84,6396
11,6397
22,6398
15,6399
67,6400
79,6401
3,6402
83,6403
25,6404
38,6405
24,6406
60,6407
39,6408
57,6409
19,6410
98,6411
34,6412
23,6413
24,6414
84,6415
33,6416
40,6417
45,6418
20,6419
67,6420
48,6421
16,6422
87,6423
58,6424
25,6425
68,6426
13,6427
48,6428
91,6429
58,6430
14,6431
91,6432
49,6433
60,6434
96,6435
35,6436
13,6437
90,6438
52,6439
39,6440
94,6441
22,6442
1,6443
42,6444
93,6445
47,6446
77,6447
72,6448
36,6449
20,6450
1,6451
55,6452
33,6453
23,6454
34,6455
66,6456
69,6457
59,6458
87,6459
15,6460
83,6461
64,6462
94,6463
86,6464
42,6465
46,6466
40,6467
42,6468
61,6469
99,6470
65,6471
47,6472
1,6473
13,6474
9,6475
84,6476
76,6477
67,6478
41,6479
49,6480
51,6481
39,6482
96,6483
66,6484
11,6485
68,6486
22,6487
50,6488
41,6489
10,6490
27,6491
40,6492
45,6493
78,6494
39,6495
18,6496
16,6497
43,6498
69,6499
31,6500
79,6501
51,6502
10,6503
62,6504
58,6505
9,6506
36,6507
8,6508
53,6509
31,6510
59,6511
34,6512
18,6513
23,6514
57,6515
92,6516
88,6517
3,6518
38,6519
40,6520
19,6521
82,6522
41,6523
90,6524
65,6525
96,6526
8,6527
35,6528
45,6529
31,6530
90,6531
76,6532
58,6533
91,6534
56,6535
55,6536
25,6537
56,6538
60,6539
20,6540
43,6541
80,6542
79,6543
96,6544
92,6545
24,6546
39,6547
20,6548
33,6549
37,6550
91,6551
13,6552
18,6553
66,6554
13,6555
14,6556
61,6557
35,6558
92,6559
64,6560
9,6561
51,6562
49,6563
88,6564
95,6565
35,6566
72,6567
35,6568
73,6569
60,6570
51,6571
97,6572
89,6573
60,6574
77,6575
15,6576
22,6577
85,6578
85,6579
42,6580
12,6581
11,6582
71,6583
6,6584
27,6585
27,6586
68,6587
53,6588
59,6589
71,6590
10,6591
12,6592
66,6593
82,6594
10,6595
24,6596
15,6597
23,6598
3,6599
54,6600
13,6601
41,6602
78,6603
85,6604
7,6605
97,6606
4,6607
31,6608
77,6609
35,6610
57,6611
84,6612
35,6613
50,6614
36,6615
0,6616
19,6617
20,6618
30,6619
96,6620
77,6621
47,6622
24,6623
80,6624
24,6625
67,6626
26,6627
78,6628
97,6629
27,6630
70,6631
96,6632
79,6633
35,6634
90,6635
28,6636
24,6637
51,6638
17,6639
17,6640
0,6641
59,6642
91,6643
90,6644
22,6645
83,6646
24,6647
30,6648
81,6649
91,6650
77,6651
37,6652
48,6653
87,6654
38,6655
77,6656
87,6657
3,6658
86,6659
50,6660
38,6661
43,6662
96,6663
71,6664
31,6665
85,6666
46,6667
93,6668
21,6669
9,6670
98,6671
96,6672
26,6673
58,6674
74,6675
77,6676
89,6677
30,6678
28,6679
68,6680
47,6681
63,6682
58,6683
10,6684
6,6685
9,6686
9,6687
26,6688
42,6689
6,6690
5,6691
13,6692
9,6693
64,6694
80,6695
25,6696
1,6697
81,6698
0,6699
62,6700
84,6701
34,6702
2,6703
12,6704
33,6705
15,6706
84,6707
1,6708
94,6709
67,6710
38,6711
69,6712
33,6713
17,6714
71,6715
5,6716
75,6717
47,6718
86,6719
45,6720
87,6721
3,6722
56,6723
90,6724
54,6725
46,6726
89,6727
27,6728
29,6729
60,6730
57,6731
55,6732
30,6733
26,6734
29,6735
39,6736
62,6737
48,6738
14,6739
41,6740
18,6741
91,6742
73,6743
6,6744
70,6745
35,6746
95,6747
54,6748
0,6749
8,6750
36,6751
42,6752
15,6753
51,6754
84,6755
94,6756
97,6757
28,6758
5,6759
24,6760
13,6761
22,6762
70,6763
89,6764
37,6765
31,6766
11,6767
11,6768
98,6769
33,6770
76,6771
37,6772
67,6773
70,6774
73,6775
71,6776
68,6777
85,6778
99,6779
97,6780
90,6781
35,6782
26,6783
81,6784
53,6785
39,6786
22,6787
23,6788
32,6789
94,6790
93,6791
32,6792
89,6793
5,6794
65,6795
17,6796
42,6797
8,6798
53,6799
4,6800
53,6801
15,6802
81,6803
69,6804
35,6805
65,6806
71,6807
85,6808
34,6809
52,6810
15,6811
50,6812
16,6813
43,6814
5,6815
95,6816
91,6817
59,6818
78,6819
86,6820
68,6821
88,6822
95,6823
85,6824
87,6825
78,6826
96,6827
63,6828
47,6829
79,6830
54,6831
71,6832
10,6833
33,6834
82,6835
48,6836
49,6837
8,6838
23,6839
73,6840
17,6841
98,6842
9,6843
68,6844
83,6845
12,6846
62,6847
37,6848
24,6849
46,6850
75,6851
66,6852
9,6853
43,6854
68,6855
10,6856
39,6857
50,6858
42,6859
59,6860
2,6861
71,6862
47,6863
76,6864
83,6865
51,6866
25,6867
39,6868
64,6869
1,6870
71,6871
94,6872
34,6873
74,6874
4,6875
5,6876
12,6877
84,6878
32,6879
48,6880
83,6881
86,6882
71,6883
47,6884
57,6885
75,6886
56,6887
83,6888
75,6889
96,6890
74,6891
67,6892
0,6893
76,6894
92,6895
40,6896
49,6897
87,6898
27,6899
49,6900
33,6901
30,6902
46,6903
84,6904
79,6905
97,6906
52,6907
90,6908
34,6909
1,6910
46,6911
73,6912
64,6913
79,6914
43,6915
23,6916
20,6917
81,6918
23,6919
55,6920
51,6921
87,6922
93,6923
71,6924
10,6925
80,6926
62,6927
4,6928
63,6929
16,6930
52,6931
30,6932
62,6933
16,6934
4,6935
45,6936
3,6937
39,6938
78,6939
28,6940
65,6941
62,6942
4,6943
45,6944
76,6945
37,6946
17,6947
6,6948
33,6949
40,6950
21,6951
9,6952
38,6953
47,6954
60,6955
95,6956
85,6957
8,6958
71,6959
99,6960
43,6961
34,6962
13,6963
25,6964
77,6965
59,6966
53,6967
2,6968
12,6969
29,6970
47,6971
25,6972
31,6973
39,6974
87,6975
37,6976
54,6977
19,6978
22,6979
13,6980
38,6981
39,6982
56,6983
3,6984
2,6985
40,6986
59,6987
55,6988
31,6989
65,6990
84,6991
54,6992
62,6993
20,6994
2,6995
51,6996
62,6997
79,6998
61,6999
74,7000
79,7001
92,7002
88,7003
64,7004
35,7005
53,7006
23,7007
93,7008
20,7009
50,7010
51,7011
74,7012
96,7013
42,7014
47,7015
6,7016
62,7017
88,7018
29,7019
52,7020
70,7021
59,7022
18,7023
82,7024
33,7025
86,7026
59,7027
87,7028
12,7029
25,7030
65,7031
48,7032
15,7033
17,7034
50,7035
32,7036
47,7037
29,7038
58,7039
53,7040
59,7041
98,7042
81,7043
3,7044
52,7045
67,7046
90,7047
64,7048
22,7049
67,7050
39,7051
62,7052
81,7053
33,7054
49,7055
67,7056
88,7057
52,7058
22,7059
59,7060
86,7061
99,7062
76,7063
81,7064
88,7065
69,7066
99,7067
19,7068
23,7069
6,7070
5,7071
6,7072
80,7073
39,7074
37,7075
29,7076
37,7077
61,7078
75,7079
70,7080
19,7081
40,7082
91,7083
36,7084
18,7085
25,7086
47,7087
58,7088
43,7089
79,7090
33,7091
60,7092
11,7093
48,7094
89,7095
31,7096
58,7097
40,7098
63,7099
4,7100
41,7101
26,7102
13,7103
76,7104
16,7105
10,7106
85,7107
19,7108
37,7109
54,7110
80,7111
46,7112
57,7113
48,7114
38,7115
24,7116
75,7117
66,7118
15,7119
95,7120
17,7121
50,7122
30,7123
0,7124
59,7125
95,7126
9,7127
23,7128
77,7129
59,7130
27,7131
21,7132
20,7133
59,7134
36,7135
99,7136
35,7137
17,7138
1,7139
26,7140
87,7141
25,7142
6,7143
27,7144
93,7145
28,7146
41,7147
5,7148
46,7149
67,7150
67,7151
20,7152
69,7153
48,7154
52,7155
8,7156
61,7157
60,7158
22,7159
74,7160
29,7161
43,7162
41,7163
85,7164
92,7165
39,7166
97,7167
52,7168
33,7169
40,7170
71,7171
88,7172
41,7173
90,7174
96,7175
74,7176
84,7177
70,7178
95,7179
65,7180
93,7181
53,7182
15,7183
59,7184
46,7185
11,7186
58,7187
20,7188
18,7189
30,7190
73,7191
8,7192
4,7193
11,7194
70,7195
93,7196
43,7197
76,7198
31,7199
39,7200
38,7201
77,7202
65,7203
93,7204
9,7205
64,7206
93,7207
25,7208
6,7209
6,7210
70,7211
11,7212
31,7213
71,7214
13,7215
53,7216
14,7217
20,7218
36,7219
73,7220
61,7221
8,7222
93,7223
69,7224
84,7225
64,7226
76,7227
89,7228
1,7229
13,7230
58,7231
37,7232
63,7233
54,7234
17,7235
93,7236
88,7237
22,7238
17,7239
14,7240
64,7241
96,7242
87,7243
37,7244
7,7245
82,7246
96,7247
13,7248
13,7249
34,7250
93,7251
54,7252
90,7253
24,7254
82,7255
61,7256
35,7257
86,7258
97,7259
95,7260
82,7261
9,7262
15,7263
53,7264
93,7265
18,7266
77,7267
20,7268
16,7269
55,7270
37,7271
28,7272
48,7273
16,7274
56,7275
26,7276
32,7277
31,7278
45,7279
33,7280
52,7281
96,7282
13,7283
86,7284
36,7285
46,7286
92,7287
55,7288
84,7289
0,7290
75,7291
85,7292
20,7293
22,7294
59,7295
53,7296
48,7297
20,7298
99,7299
32,7300
30,7301
35,7302
54,7303
89,7304
51,7305
68,7306
90,7307
37,7308
78,7309
66,7310
24,7311
95,7312
30,7313
77,7314
44,7315
23,7316
39,7317
31,7318
96,7319
34,7320
87,7321
78,7322
79,7323
90,7324
14,7325
78,7326
70,7327
24,7328
92,7329
60,7330
4,7331
58,7332
71,7333
87,7334
90,7335
98,7336
37,7337
21,7338
45,7339
15,7340
60,7341
65,7342
32,7343
2,7344
86,7345
36,7346
83,7347
75,7348
70,7349
54,7350
29,7351
71,7352
75,7353
79,7354
5,7355
26,7356
54,7357
19,7358
17,7359
27,7360
43,7361
12,7362
70,7363
17,7364
92,7365
49,7366
61,7367
95,7368
70,7369
23,7370
71,7371
27,7372
5,7373
87,7374
99,7375
29,7376
19,7377
74,7378
10,7379
85,7380
14,7381
94,7382
75,7383
34,7384
66,7385
52,7386
48,7387
10,7388
62,7389
66,7390
31,7391
16,7392
39,7393
88,7394
15,7395
54,7396
53,7397
47,7398
75,7399
59,7400
9,7401
18,7402
97,7403
48,7404
77,7405
88,7406
91,7407
59,7408
97,7409
34,7410
79,7411
59,7412
51,7413
59,7414
69,7415
55,7416
84,7417
17,7418
73,7419
58,7420
0,7421
92,7422
47,7423
83,7424
58,7425
92,7426
82,7427
13,7428
72,7429
11,7430
65,7431
19,7432
57,7433
65,7434
44,7435
3,7436
98,7437
49,7438
93,7439
4,7440
44,7441
99,7442
87,7443
38,7444
63,7445
51,7446
57,7447
28,7448
88,7449
61,7450
60,7451
63,7452
78,7453
50,7454
61,7455
81,7456
83,7457
21,7458
94,7459
3,7460
34,7461
37,7462
76,7463
72,7464
27,7465
58,7466
96,7467
49,7468
7,7469
37,7470
35,7471
54,7472
84,7473
97,7474
1,7475
77,7476
49,7477
28,7478
66,7479
69,7480
83,7481
13,7482
38,7483
51,7484
81,7485
15,7486
47,7487
72,7488
0,7489
4,7490
30,7491
76,7492
33,7493
60,7494
76,7495
13,7496
41,7497
20,7498
75,7499
92,7500
85,7501
46,7502
14,7503
90,7504
75,7505
3,7506
52,7507
32,7508
24,7509
53,7510
67,7511
74,7512
61,7513
62,7514
81,7515
92,7516
86,7517
69,7518
20,7519
90,7520
52,7521
54,7522
80,7523
78,7524
63,7525
40,7526
5,7527
35,7528
84,7529
43,7530
79,7531
93,7532
24,7533
86,7534
69,7535
47,7536
91,7537
4,7538
77,7539
60,7540
9,7541
38,7542
96,7543
58,7544
38,7545
6,7546
12,7547
87,7548
26,7549
69,7550
42,7551
39,7552
59,7553
91,7554
80,7555
32,7556
80,7557
15,7558
33,7559
85,7560
41,7561
2,7562
73,7563
56,7564
64,7565
74,7566
11,7567
89,7568
9,7569
77,7570
86,7571
17,7572
20,7573
87,7574
3,7575
66,7576
15,7577
42,7578
36,7579
42,7580
41,7581
6,7582
32,7583
12,7584
73,7585
71,7586
68,7587
29,7588
43,7589
1,7590
73,7591
96,7592
61,7593
59,7594
56,7595
56,7596
27,7597
83,7598
59,7599
36,7600
64,7601
13,7602
63,7603
55,7604
55,7605
13,7606
78,7607
59,7608
54,7609
32,7610
8,7611
6,7612
86,7613
44,7614
63,7615
61,7616
12,7617
91,7618
30,7619
12,7620
18,7621
59,7622
57,7623
73,7624
50,7625
52,7626
16,7627
28,7628
95,7629
45,7630
76,7631
96,7632
21,7633
47,7634
16,7635
45,7636
86,7637
55,7638
19,7639
5,7640
30,7641
51,7642
20,7643
41,7644
50,7645
68,7646
58,7647
59,7648
29,7649
73,7650
69,7651
58,7652
20,7653
58,7654
77,7655
55,7656
38,7657
64,7658
44,7659
91,7660
36,7661
58,7662
3,7663
45,7664
39,7665
33,7666
6,7667
71,7668
14,7669
76,7670
4,7671
45,7672
18,7673
16,7674
40,7675
74,7676
28,7677
48,7678
91,7679
11,7680
77,7681
28,7682
80,7683
2,7684
52,7685
1,7686
18,7687
74,7688
33,7689
14,7690
79,7691
43,7692
58,7693
84,7694
32,7695
33,7696
34,7697
86,7698
87,7699
43,7700
2,7701
98,7702
90,7703
63,7704
69,7705
67,7706
73,7707
95,7708
49,7709
26,7710
92,7711
5,7712
76,7713
53,7714
5,7715
16,7716
81,7717
80,7718
63,7719
84,7720
8,7721
28,7722
46,7723
50,7724
30,7725
62,7726
57,7727
59,7728
63,7729
21,7730
87,7731
4,7732
24,7733
14,7734
22,7735
63,7736
16,7737
10,7738
38,7739
73,7740
56,7741
35,7742
80,7743
14,7744
42,7745
72,7746
56,7747
29,7748
52,7749
36,7750
55,7751
82,7752
9,7753
38,7754
98,7755
69,7756
62,7757
4,7758
86,7759
85,7760
8,7761
49,7762
61,7763
66,7764
42,7765
67,7766
17,7767
16,7768
30,7769
97,7770
96,7771
54,7772
29,7773
95,7774
65,7775
91,7776
16,7777
18,7778
61,7779
78,7780
92,7781
25,7782
7,7783
4,7784
95,7785
0,7786
1,7787
85,7788
25,7789
1,7790
30,7791
93,7792
54,7793
78,7794
91,7795
99,7796
52,7797
33,7798
70,7799
88,7800
58,7801
13,7802
54,7803
19,7804
52,7805
88,7806
33,7807
27,7808
23,7809
43,7810
84,7811
62,7812
32,7813
86,7814
51,7815
11,7816
6,7817
62,7818
6,7819
90,7820
44,7821
67,7822
2,7823
66,7824
75,7825
64,7826
99,7827
71,7828
96,7829
85,7830
57,7831
37,7832
96,7833
93,7834
51,7835
38,7836
44,7837
31,7838
25,7839
81,7840
71,7841
92,7842
31,7843
71,7844
59,7845
27,7846
46,7847
59,7848
10,7849
91,7850
93,7851
52,7852
39,7853
95,7854
66,7855
57,7856
38,7857
87,7858
36,7859
3,7860
70,7861
27,7862
61,7863
54,7864
98,7865
23,7866
91,7867
69,7868
90,7869
70,7870
23,7871
51,7872
82,7873
39,7874
13,7875
76,7876
99,7877
42,7878
89,7879
69,7880
53,7881
74,7882
81,7883
90,7884
58,7885
21,7886
74,7887
49,7888
54,7889
29,7890
56,7891
86,7892
71,7893
61,7894
45,7895
33,7896
21,7897
30,7898
49,7899
82,7900
65,7901
17,7902
13,7903
76,7904
39,7905
22,7906
1,7907
94,7908
20,7909
67,7910
50,7911
20,7912
64,7913
37,7914
10,7915
15,7916
31,7917
91,7918
19,7919
92,7920
80,7921
39,7922
91,7923
65,7924
69,7925
99,7926
42,7927
87,7928
89,7929
86,7930
27,7931
73,7932
42,7933
34,7934
94,7935
40,7936
74,7937
70,7938
13,7939
54,7940
9,7941
31,7942
65,7943
29,7944
6,7945
37,7946
16,7947
31,7948
62,7949
88,7950
98,7951
28,7952
7,7953
55,7954
14,7955
90,7956
41,7957
6,7958
92,7959
47,7960
78,7961
2,7962
94,7963
96,7964
28,7965
19,7966
93,7967
95,7968
46,7969
28,7970
30,7971
66,7972
39,7973
48,7974
32,7975
96,7976
11,7977
19,7978
67,7979
97,7980
31,7981
55,7982
76,7983
77,7984
87,7985
86,7986
1,7987
97,7988
43,7989
31,7990
0,7991
50,7992
35,7993
70,7994
83,7995
60,7996
54,7997
3,7998
70,7999
91,8000
8,8001
35,8002
62,8003
59,8004
76,8005
68,8006
52,8007
66,8008
7,8009
68,8010
0,8011
27,8012
96,8013
68,8014
65,8015
28,8016
5,8017
92,8018
32,8019
75,8020
49,8021
47,8022
9,8023
62,8024
37,8025
47,8026
13,8027
44,8028
98,8029
37,8030
99,8031
97,8032
88,8033
95,8034
16,8035
99,8036
13,8037
79,8038
48,8039
9,8040
69,8041
51,8042
53,8043
16,8044
65,8045
72,8046
40,8047
96,8048
37,8049
15,8050
1,8051
13,8052
25,8053
5,8054
28,8055
92,8056
19,8057
52,8058
51,8059
84,8060
76,8061
25,8062
48,8063
76,8064
20,8065
13,8066
53,8067
82,8068
57,8069
48,8070
9,8071
77,8072
73,8073
83,8074
63,8075
70,8076
16,8077
81,8078
59,8079
57,8080
68,8081
41,8082
93,8083
93,8084
42,8085
9,8086
84,8087
25,8088
70,8089
22,8090
78,8091
55,8092
86,8093
6,8094
17,8095
3,8096
39,8097
18,8098
54,8099
84,8100
85,8101
61,8102
88,8103
41,8104
48,8105
10,8106
66,8107
57,8108
44,8109
30,8110
14,8111
84,8112
20,8113
42,8114
68,8115
58,8116
52,8117
11,8118
77,8119
73,8120
98,8121
74,8122
46,8123
82,8124
56,8125
5,8126
5,8127
92,8128
27,8129
8,8130
20,8131
50,8132
2,8133
28,8134
37,8135
50,8136
50,8137
97,8138
31,8139
28,8140
46,8141
72,8142
65,8143
49,8144
44,8145
49,8146
20,8147
27,8148
86,8149
64,8150
45,8151
73,8152
43,8153
97,8154
29,8155
16,8156
16,8157
92,8158
93,8159
71,8160
89,8161
69,8162
52,8163
35,8164
31,8165
82,8166
82,8167
48,8168
73,8169
20,8170
46,8171
79,8172
49,8173
7,8174
56,8175
53,8176
18,8177
60,8178
15,8179
51,8180
69,8181
10,8182
55,8183
37,8184
71,8185
19,8186
19,8187
90,8188
39,8189
50,8190
94,8191
24,8192
95,8193
11,8194
23,8195
33,8196
56,8197
32,8198
41,8199
31,8200
21,8201
57,8202
22,8203
47,8204
86,8205
51,8206
55,8207
80,8208
11,8209
49,8210
94,8211
59,8212
30,8213
77,8214
53,8215
23,8216
75,8217
64,8218
69,8219
56,8220
10,8221
46,8222
13,8223
39,8224
33,8225
32,8226
93,8227
9,8228
94,8229
13,8230
37,8231
98,8232
38,8233
92,8234
61,8235
0,8236
55,8237
42,8238
16,8239
65,8240
98,8241
61,8242
43,8243
66,8244
59,8245
58,8246
7,8247
61,8248
53,8249
88,8250
62,8251
50,8252
66,8253
37,8254
50,8255
48,8256
76,8257
65,8258
94,8259
50,8260
69,8261
95,8262
56,8263
28,8264
2,8265
27,8266
93,8267
40,8268
31,8269
82,8270
26,8271
23,8272
58,8273
65,8274
37,8275
35,8276
23,8277
43,8278
80,8279
10,8280
81,8281
91,8282
89,8283
17,8284
86,8285
27,8286
59,8287
84,8288
34,8289
36,8290
30,8291
86,8292
33,8293
98,8294
91,8295
49,8296
47,8297
52,8298
73,8299
41,8300
70,8301
23,8302
72,8303
27,8304
90,8305
51,8306
32,8307
30,8308
42,8309
30,8310
24,8311
44,8312
16,8313
45,8314
66,8315
71,8316
36,8317
70,8318
45,8319
89,8320
21,8321
3,8322
93,8323
89,8324
22,8325
27,8326
51,8327
84,8328
37,8329
66,8330
5,8331
38,8332
56,8333
94,8334
34,8335
84,8336
42,8337
2,8338
19,8339
33,8340
50,8341
97,8342
67,8343
55,8344
43,8345
38,8346
71,8347
86,8348
10,8349
59,8350
90,8351
16,8352
48,8353
78,8354
13,8355
56,8356
28,8357
36,8358
0,8359
74,8360
30,8361
33,8362
68,8363
33,8364
19,8365
94,8366
17,8367
88,8368
53,8369
77,8370
87,8371
62,8372
53,8373
36,8374
11,8375
73,8376
38,8377
13,8378
55,8379
4,8380
7,8381
94,8382
7,8383
93,8384
34,8385
53,8386
72,8387
46,8388
78,8389
78,8390
84,8391
2,8392
74,8393
42,8394
46,8395
55,8396
27,8397
79,8398
98,8399
20,8400
96,8401
73,8402
36,8403
52,8404
9,8405
40,8406
98,8407
52,8408
29,8409
34,8410
98,8411
95,8412
2,8413
67,8414
17,8415
13,8416
69,8417
55,8418
26,8419
58,8420
62,8421
24,8422
31,8423
65,8424
28,8425
95,8426
40,8427
68,8428
83,8429
45,8430
35,8431
84,8432
8,8433
78,8434
66,8435
19,8436
55,8437
72,8438
85,8439
63,8440
62,8441
95,8442
10,8443
5,8444
48,8445
48,8446
12,8447
55,8448
39,8449
27,8450
98,8451
7,8452
42,8453
56,8454
79,8455
84,8456
8,8457
20,8458
57,8459
56,8460
41,8461
8,8462
54,8463
79,8464
2,8465
10,8466
25,8467
90,8468
97,8469
16,8470
99,8471
15,8472
1,8473
99,8474
7,8475
39,8476
66,8477
73,8478
75,8479
22,8480
56,8481
76,8482
91,8483
75,8484
27,8485
34,8486
85,8487
59,8488
21,8489
45,8490
73,8491
12,8492
24,8493
33,8494
52,8495
67,8496
19,8497
30,8498
6,8499
53,8500
81,8501
87,8502
54,8503
18,8504
68,8505
81,8506
44,8507
64,8508
77,8509
91,8510
93,8511
37,8512
9,8513
3,8514
94,8515
10,8516
99,8517
2,8518
78,8519
16,8520
89,8521
79,8522
90,8523
59,8524
70,8525
40,8526
94,8527
39,8528
76,8529
6,8530
74,8531
86,8532
72,8533
91,8534
37,8535
63,8536
92,8537
4,8538
0,8539
14,8540
85,8541
63,8542
83,8543
74,8544
1,8545
34,8546
47,8547
58,8548
79,8549
74,8550
95,8551
28,8552
44,8553
6,8554
39,8555
88,8556
90,8557
37,8558
27,8559
5,8560
95,8561
53,8562
76,8563
17,8564
90,8565
94,8566
66,8567
99,8568
81,8569
76,8570
2,8571
19,8572
37,8573
87,8574
85,8575
24,8576
17,8577
88,8578
89,8579
51,8580
53,8581
24,8582
6,8583
66,8584
71,8585
28,8586
9,8587
70,8588
54,8589
96,8590
20,8591
74,8592
20,8593
69,8594
12,8595
37,8596
8,8597
49,8598
35,8599
51,8600
93,8601
42,8602
47,8603
9,8604
87,8605
51,8606
94,8607
34,8608
16,8609
10,8610
5,8611
60,8612
19,8613
22,8614
63,8615
71,8616
27,8617
36,8618
63,8619
75,8620
14,8621
87,8622
50,8623
74,8624
7,8625
11,8626
45,8627
34,8628
90,8629
40,8630
70,8631
33,8632
84,8633
99,8634
37,8635
82,8636
56,8637
84,8638
2,8639
23,8640
9,8641
72,8642
1,8643
27,8644
22,8645
77,8646
93,8647
78,8648
80,8649
68,8650
22,8651
51,8652
55,8653
61,8654
3,8655
75,8656
89,8657
19,8658
71,8659
59,8660
16,8661
64,8662
9,8663
42,8664
52,8665
56,8666
5,8667
66,8668
74,8669
93,8670
85,8671
8,8672
32,8673
74,8674
80,8675
8,8676
48,8677
70,8678
94,8679
44,8680
13,8681
91,8682
40,8683
17,8684
96,8685
21,8686
33,8687
55,8688
75,8689
47,8690
68,8691
21,8692
95,8693
62,8694
20,8695
49,8696
87,8697
9,8698
51,8699
53,8700
91,8701
4,8702
50,8703
70,8704
19,8705
57,8706
36,8707
6,8708
45,8709
47,8710
8,8711
4,8712
20,8713
78,8714
17,8715
12,8716
30,8717
55,8718
49,8719
15,8720
48,8721
84,8722
81,8723
95,8724
47,8725
76,8726
21,8727
38,8728
25,8729
92,8730
86,8731
74,8732
97,8733
11,8734
48,8735
80,8736
94,8737
54,8738
56,8739
92,8740
39,8741
42,8742
82,8743
63,8744
2,8745
6,8746
49,8747
90,8748
58,8749
59,8750
61,8751
33,8752
6,8753
18,8754
92,8755
62,8756
72,8757
13,8758
71,8759
59,8760
17,8761
15,8762
26,8763
8,8764
18,8765
35,8766
70,8767
63,8768
60,8769
85,8770
43,8771
78,8772
39,8773
9,8774
72,8775
28,8776
29,8777
89,8778
58,8779
85,8780
84,8781
66,8782
16,8783
32,8784
25,8785
98,8786
19,8787
73,8788
43,8789
8,8790
9,8791
42,8792
90,8793
0,8794
33,8795
39,8796
50,8797
66,8798
5,8799
74,8800
81,8801
66,8802
72,8803
82,8804
54,8805
98,8806
0,8807
65,8808
46,8809
29,8810
96,8811
67,8812
11,8813
23,8814
91,8815
2,8816
53,8817
67,8818
53,8819
96,8820
34,8821
53,8822
48,8823
34,8824
38,8825
77,8826
80,8827
32,8828
14,8829
13,8830
36,8831
26,8832
19,8833
57,8834
30,8835
49,8836
18,8837
76,8838
95,8839
82,8840
23,8841
12,8842
69,8843
18,8844
28,8845
1,8846
55,8847
23,8848
99,8849
51,8850
46,8851
77,8852
20,8853
60,8854
33,8855
23,8856
43,8857
68,8858
34,8859
80,8860
38,8861
13,8862
35,8863
42,8864
11,8865
29,8866
7,8867
88,8868
23,8869
39,8870
9,8871
40,8872
30,8873
92,8874
28,8875
79,8876
60,8877
23,8878
94,8879
85,8880
66,8881
87,8882
16,8883
58,8884
27,8885
26,8886
36,8887
90,8888
73,8889
45,8890
75,8891
12,8892
49,8893
36,8894
39,8895
6,8896
94,8897
37,8898
4,8899
92,8900
98,8901
6,8902
81,8903
5,8904
50,8905
55,8906
15,8907
86,8908
38,8909
56,8910
89,8911
82,8912
96,8913
25,8914
39,8915
69,8916
33,8917
14,8918
53,8919
40,8920
83,8921
18,8922
92,8923
5,8924
63,8925
99,8926
9,8927
19,8928
22,8929
43,8930
26,8931
32,8932
63,8933
10,8934
69,8935
32,8936
39,8937
39,8938
32,8939
29,8940
14,8941
23,8942
14,8943
76,8944
98,8945
75,8946
32,8947
21,8948
10,8949
68,8950
63,8951
6,8952
93,8953
6,8954
1,8955
28,8956
2,8957
11,8958
4,8959
59,8960
5,8961
86,8962
29,8963
3,8964
79,8965
20,8966
66,8967
28,8968
74,8969
14,8970
92,8971
72,8972
98,8973
66,8974
39,8975
86,8976
1,8977
69,8978
43,8979
74,8980
51,8981
67,8982
84,8983
82,8984
94,8985
33,8986
24,8987
18,8988
59,8989
59,8990
99,8991
46,8992
28,8993
21,8994
31,8995
24,8996
2,8997
4,8998
50,8999
97,9000
61,9001
5,9002
59,9003
43,9004
22,9005
96,9006
3,9007
34,9008
59,9009
44,9010
14,9011
21,9012
50,9013
23,9014
76,9015
49,9016
14,9017
94,9018
61,9019
89,9020
46,9021
66,9022
15,9023
51,9024
2,9025
66,9026
15,9027
13,9028
79,9029
67,9030
4,9031
44,9032
74,9033
13,9034
43,9035
98,9036
33,9037
51,9038
92,9039
48,9040
83,9041
56,9042
91,9043
62,9044
52,9045
46,9046
55,9047
66,9048
89,9049
37,9050
81,9051
63,9052
50,9053
79,9054
39,9055
27,9056
37,9057
99,9058
36,9059
78,9060
61,9061
7,9062
47,9063
22,9064
98,9065
26,9066
0,9067
57,9068
21,9069
77,9070
25,9071
60,9072
18,9073
42,9074
41,9075
64,9076
47,9077
12,9078
56,9079
21,9080
74,9081
58,9082
99,9083
30,9084
62,9085
31,9086
64,9087
88,9088
59,9089
88,9090
91,9091
87,9092
97,9093
3,9094
33,9095
73,9096
25,9097
68,9098
12,9099
39,9100
23,9101
74,9102
7,9103
92,9104
70,9105
39,9106
95,9107
52,9108
73,9109
84,9110
77,9111
81,9112
45,9113
70,9114
37,9115
85,9116
26,9117
64,9118
84,9119
18,9120
5,9121
48,9122
92,9123
9,9124
81,9125
78,9126
32,9127
90,9128
43,9129
25,9130
77,9131
56,9132
23,9133
91,9134
26,9135
46,9136
28,9137
53,9138
36,9139
9,9140
13,9141
42,9142
54,9143
56,9144
10,9145
14,9146
8,9147
88,9148
50,9149
94,9150
95,9151
95,9152
97,9153
1,9154
92,9155
46,9156
1,9157
11,9158
7,9159
81,9160
55,9161
18,9162
75,9163
85,9164
63,9165
58,9166
91,9167
41,9168
47,9169
76,9170
19,9171
62,9172
0,9173
13,9174
22,9175
26,9176
70,9177
3,9178
16,9179
0,9180
33,9181
96,9182
56,9183
22,9184
7,9185
20,9186
21,9187
28,9188
34,9189
28,9190
8,9191
52,9192
71,9193
47,9194
15,9195
1,9196
77,9197
62,9198
93,9199
61,9200
91,9201
48,9202
86,9203
31,9204
56,9205
7,9206
90,9207
71,9208
91,9209
81,9210
64,9211
77,9212
15,9213
63,9214
5,9215
11,9216
45,9217
54,9218
52,9219
21,9220
22,9221
69,9222
82,9223
14,9224
40,9225
56,9226
70,9227
5,9228
80,9229
60,9230
46,9231
76,9232
94,9233
84,9234
97,9235
20,9236
87,9237
3,9238
85,9239
5,9240
1,9241
4,9242
34,9243
72,9244
21,9245
58,9246
23,9247
87,9248
79,9249
8,9250
86,9251
61,9252
8,9253
76,9254
6,9255
85,9256
45,9257
80,9258
54,9259
85,9260
25,9261
14,9262
69,9263
98,9264
6,9265
57,9266
95,9267
62,9268
27,9269
71,9270
74,9271
80,9272
11,9273
54,9274
76,9275
99,9276
2,9277
70,9278
86,9279
8,9280
87,9281
34,9282
97,9283
97,9284
35,9285
48,9286
88,9287
48,9288
6,9289
31,9290
44,9291
97,9292
14,9293
12,9294
6,9295
29,9296
75,9297
70,9298
98,9299
95,9300
46,9301
26,9302
69,9303
76,9304
46,9305
79,9306
42,9307
99,9308
57,9309
85,9310
6,9311
98,9312
2,9313
46,9314
35,9315
41,9316
62,9317
94,9318
91,9319
18,9320
37,9321
73,9322
34,9323
95,9324
29,9325
17,9326
41,9327
38,9328
82,9329
40,9330
87,9331
67,9332
8,9333
83,9334
37,9335
38,9336
59,9337
61,9338
96,9339
20,9340
73,9341
36,9342
26,9343
49,9344
48,9345
18,9346
48,9347
96,9348
28,9349
9,9350
94,9351
27,9352
69,9353
41,9354
99,9355
70,9356
86,9357
58,9358
9,9359
40,9360
11,9361
80,9362
30,9363
24,9364
54,9365
12,9366
60,9367
72,9368
63,9369
82,9370
86,9371
56,9372
72,9373
66,9374
64,9375
99,9376
83,9377
43,9378
40,9379
40,9380
94,9381
53,9382
71,9383
78,9384
99,9385
40,9386
49,9387
3,9388
7,9389
34,9390
73,9391
79,9392
47,9393
62,9394
40,9395
51,9396
42,9397
36,9398
56,9399
6,9400
83,9401
53,9402
21,9403
27,9404
33,9405
60,9406
73,9407
58,9408
6,9409
43,9410
59,9411
2,9412
28,9413
66,9414
49,9415
83,9416
65,9417
75,9418
13,9419
31,9420
85,9421
59,9422
24,9423
95,9424
16,9425
92,9426
87,9427
98,9428
40,9429
62,9430
46,9431
11,9432
93,9433
8,9434
35,9435
2,9436
9,9437
79,9438
97,9439
19,9440
92,9441
60,9442
50,9443
47,9444
44,9445
28,9446
51,9447
28,9448
79,9449
1,9450
20,9451
18,9452
6,9453
90,9454
61,9455
71,9456
60,9457
58,9458
2,9459
15,9460
37,9461
41,9462
7,9463
80,9464
14,9465
14,9466
80,9467
24,9468
14,9469
4,9470
86,9471
89,9472
95,9473
39,9474
19,9475
43,9476
57,9477
19,9478
26,9479
86,9480
25,9481
98,9482
89,9483
60,9484
19,9485
8,9486
45,9487
8,9488
2,9489
30,9490
84,9491
60,9492
39,9493
89,9494
20,9495
33,9496
62,9497
47,9498
15,9499
53,9500
51,9501
96,9502
20,9503
31,9504
81,9505
50,9506
35,9507
21,9508
0,9509
50,9510
35,9511
32,9512
64,9513
63,9514
30,9515
8,9516
8,9517
61,9518
1,9519
27,9520
13,9521
80,9522
80,9523
73,9524
81,9525
13,9526
63,9527
87,9528
41,9529
94,9530
64,9531
2,9532
48,9533
32,9534
29,9535
58,9536
66,9537
37,9538
26,9539
42,9540
40,9541
87,9542
2,9543
32,9544
20,9545
34,9546
42,9547
95,9548
96,9549
5,9550
79,9551
69,9552
57,9553
89,9554
33,9555
74,9556
62,9557
73,9558
25,9559
98,9560
70,9561
38,9562
32,9563
94,9564
58,9565
85,9566
4,9567
63,9568
43,9569
87,9570
34,9571
88,9572
6,9573
64,9574
30,9575
87,9576
33,9577
6,9578
95,9579
31,9580
77,9581
93,9582
57,9583
33,9584
13,9585
70,9586
90,9587
8,9588
88,9589
82,9590
66,9591
31,9592
35,9593
57,9594
61,9595
32,9596
30,9597
60,9598
95,9599
24,9600
73,9601
33,9602
55,9603
0,9604
70,9605
79,9606
77,9607
50,9608
16,9609
77,9610
36,9611
87,9612
47,9613
89,9614
6,9615
57,9616
58,9617
39,9618
34,9619
37,9620
25,9621
85,9622
1,9623
84,9624
84,9625
46,9626
88,9627
80,9628
32,9629
64,9630
55,9631
26,9632
54,9633
39,9634
55,9635
49,9636
9,9637
13,9638
84,9639
17,9640
34,9641
95,9642
35,9643
81,9644
51,9645
57,9646
26,9647
79,9648
76,9649
50,9650
17,9651
67,9652
85,9653
65,9654
28,9655
72,9656
99,9657
79,9658
7,9659
78,9660
37,9661
58,9662
85,9663
68,9664
75,9665
71,9666
28,9667
41,9668
38,9669
10,9670
48,9671
19,9672
72,9673
99,9674
90,9675
14,9676
29,9677
40,9678
45,9679
31,9680
94,9681
26,9682
53,9683
79,9684
89,9685
71,9686
87,9687
68,9688
52,9689
57,9690
74,9691
60,9692
97,9693
77,9694
47,9695
89,9696
12,9697
18,9698
33,9699
1,9700
70,9701
86,9702
16,9703
14,9704
27,9705
66,9706
73,9707
19,9708
11,9709
49,9710
38,9711
15,9712
62,9713
71,9714
73,9715
41,9716
4,9717
38,9718
56,9719
83,9720
20,9721
76,9722
55,9723
33,9724
93,9725
91,9726
90,9727
81,9728
76,9729
55,9730
60,9731
29,9732
55,9733
95,9734
71,9735
14,9736
63,9737
95,9738
28,9739
63,9740
11,9741
54,9742
24,9743
79,9744
60,9745
57,9746
92,9747
83,9748
98,9749
55,9750
63,9751
41,9752
41,9753
29,9754
94,9755
28,9756
72,9757
53,9758
6,9759
1,9760
31,9761
36,9762
78,9763
2,9764
31,9765
12,9766
51,9767
75,9768
11,9769
17,9770
16,9771
15,9772
86,9773
8,9774
40,9775
69,9776
17,9777
51,9778
65,9779
39,9780
70,9781
94,9782
29,9783
86,9784
66,9785
54,9786
36,9787
83,9788
38,9789
17,9790
76,9791
14,9792
84,9793
45,9794
33,9795
35,9796
73,9797
51,9798
35,9799
49,9800
41,9801
34,9802
34,9803
98,9804
34,9805
22,9806
28,9807
15,9808
22,9809
58,9810
26,9811
53,9812
26,9813
79,9814
56,9815
29,9816
49,9817
24,9818
56,9819
13,9820
4,9821
43,9822
64,9823
5,9824
60,9825
40,9826
87,9827
63,9828
67,9829
13,9830
35,9831
84,9832
30,9833
18,9834
42,9835
40,9836
38,9837
84,9838
26,9839
30,9840
15,9841
56,9842
82,9843
85,9844
37,9845
71,9846
68,9847
51,9848
9,9849
62,9850
5,9851
50,9852
81,9853
33,9854
2,9855
78,9856
91,9857
25,9858
70,9859
17,9860
2,9861
38,9862
10,9863
64,9864
51,9865
25,9866
73,9867
44,9868
40,9869
40,9870
49,9871
45,9872
95,9873
96,9874
87,9875
85,9876
94,9877
81,9878
68,9879
46,9880
94,9881
63,9882
53,9883
92,9884
88,9885
33,9886
76,9887
11,9888
2,9889
82,9890
32,9891
74,9892
15,9893
27,9894
69,9895
59,9896
89,9897
66,9898
99,9899
64,9900
83,9901
13,9902
13,9903
34,9904
10,9905
20,9906
90,9907
76,9908
1,9909
9,9910
8,9911
95,9912
65,9913
16,9914
81,9915
68,9916
25,9917
2,9918
64,9919
80,9920
84,9921
23,9922
19,9923
57,9924
98,9925
86,9926
0,9927
80,9928
92,9929
97,9930
26,9931
77,9932
19,9933
24,9934
13,9935
41,9936
59,9937
18,9938
32,9939
35,9940
89,9941
98,9942
44,9943
51,9944
65,9945
52,9946
41,9947
87,9948
42,9949
68,9950
73,9951
52,9952
42,9953
77,9954
65,9955
81,9956
90,9957
23,9958
79,9959
74,9960
4,9961
95,9962
16,9963
94,9964
11,9965
34,9966
72,9967
25,9968
31,9969
97,9970
48,9971
38,9972
82,9973
94,9974
3,9975
87,9976
14,9977
35,9978
11,9979
50,9980
58,9981
32,9982
66,9983
95,9984
57,9985
98,9986
32,9987
72,9988
58,9989
15,9990
3,9991
82,9992
58,9993
36,9994
98,9995
52,9996
92,9997
4,9998
62,9999
